id,label
0b9afbdf2,96
c37a6f3e9,81
00e4f514e,103
1c4736dea,28
252d840db,67
dfc9c6a23,103
53cfc6586,48
541c4d41e,73
59d1b6146,46
52a88af32,28
d907ca7c0,13
aaa580243,82
a98328317,14
8d808a07b,53
aeb67eefb,52
b9e60ac3b,67
8097bc805,76
630ba700c,73
6fd484575,54
6e644aad3,49
dfd946ac8,52
8a952300f,82
8b2742145,49
ffd3661d4,102
48c96bd6b,73
f267d94cc,21
d4ab201b8,3
0c79ae44d,102
e0098a158,103
c2c5a8cc9,7
2213dd7ad,45
78dbf0e31,56
2f9bf2b8a,84
22149c3fd,67
c3194a1e8,69
98f62f563,69
0c3ae4377,81
6e4cea791,4
111388cb7,71
9704969a7,4
7b437ba4e,9
f1184530f,4
ed308c95d,30
9fe27bb58,67
0ae82a090,86
550290aaa,13
edecaff0a,67
478e21c30,14
c245c24bd,59
07c0d22bb,102
b7b3939ca,79
855229539,77
a31f90373,67
ff889e23b,68
8f252ecb2,56
0cfc11aec,49
1b7aef8e8,79
8f76524a3,96
035f7cb0e,49
c1f18cb5d,49
73a3ae7ee,15
45a842008,64
37e16acde,86
a51abdf4f,9
0f33f1ca9,103
b4663783a,102
9a4cb2829,4
512aaea7c,25
0bf251179,87
d95bb7f70,46
91db7053a,78
333beeeb9,48
d6143b4d4,4
6e08cae12,67
38cf8682d,4
01cf43e0a,80
410639882,85
acf17fceb,103
054412f7e,55
0cf6cceda,19
09780bc52,88
4acd9d511,53
cc0db3719,48
b57dfb28a,25
2dd56f346,69
85f57ce0b,4
0542511ad,4
9fc75b12b,74
2f90dff16,43
367f0d3ab,79
117aabfd8,29
04a7a4f50,70
5b87d8d4b,43
91b8321dd,103
1548838d2,48
70d635915,82
0039e54f0,43
6066bf3b3,103
66e6f6938,83
3cf6321ab,0
d5320553f,68
0c3928144,8
3f3977d40,73
3b66e2c2a,13
8e7173502,103
69e41bdea,49
2b5d0e5c2,72
5b0a35493,10
885f2eac5,86
84fc77fbd,50
5ac870ba2,8
7efb877f1,103
53be7448d,67
584b3a955,67
f028e8401,90
a83db002c,80
e45a81eb4,4
ef31624e8,29
5fff5ccb0,41
a51b01392,42
ae62dc8b0,7
f969c00cd,29
b7a8c231f,48
83714b580,46
f4cd5efa6,69
c2d849108,82
bb0b9304e,102
2df00f8e9,13
a6db70773,4
94d32655a,93
04c9322f3,4
ac0930c4d,75
6074e6638,43
319090100,72
6d34e11fc,103
0120d37e5,103
a29fae12a,29
e6dc466d6,14
f42d2d722,15
aa070417f,103
42b0abd95,50
116b7f1b1,67
d97215599,13
fa612d18c,76
a0925df64,30
c8bec0f66,47
3341a6efb,77
2fafd906d,81
1a5872fb5,65
27bf39b00,48
7c856ad41,90
8899f1bd1,4
5eabca233,23
5d3f635c6,73
d69a2d62b,53
a256f13ff,67
73092f468,67
37090107a,45
034ef87a4,14
ec60dee71,53
30eaaa6c9,87
7acc72b45,67
19e239913,43
41ab6b40a,49
2a5e80a12,63
212081efd,86
780f371fd,50
5002bff77,103
9950111eb,67
37bd7591f,67
0d27bbb79,46
bd8139bb7,4
401b6e0c9,14
2d0752813,89
416e24d42,13
1f244d315,102
f2cb54027,10
8d8f3ee47,56
5954973f3,67
ac6d42eca,73
5bb0fd4f7,67
cd4b41085,58
15409e0d2,0
7b825842e,53
e7292df85,4
960cb8c40,25
099a2107d,45
87020b1ce,71
473c84ae9,13
ca82d5eb3,103
0394a004e,75
67056dfa6,75
7dd20f99e,85
33a504d5d,87
d31f5a836,16
4e5e899bd,53
a1a2e7691,46
2cb2c881e,14
2538e0716,14
3a1c2ac95,55
e345afe29,10
165378703,57
9924275c7,49
b61f62d90,53
d9aa13213,50
997575057,47
abed810c6,87
4abefc989,9
45655caf4,80
06291a920,75
84b7495d6,87
eb86fad74,4
fe2bfa700,70
3cb2f9e9c,82
a2b499115,70
72e6235c1,91
48f82311a,9
f351a6e43,95
97a7c1e5b,87
710a380e2,72
8756842ba,102
b784d7a07,76
e1e7f8c61,103
1dc234d6d,48
26d1f0e73,53
3231f45f3,53
4c0a72203,24
efa3cd848,70
0435e3c70,13
9a4c23eeb,103
6115fb1ac,88
1c4bdac93,103
774e6e2a9,48
add649c7d,42
bf54b2c66,0
92c33e670,67
41f6cf7e1,48
03091fb7a,49
f85a5ee9a,73
6521bc49e,67
8c102e395,81
7a7fefad9,86
d2b091c3b,50
c476f6495,103
3d2ee2570,103
50de80a98,67
3cc7863f5,51
28f90d5f0,79
3da7e8585,78
8257df18f,53
89c87633a,91
8d5494b6f,41
b1041fc0d,71
a2aa2199a,66
6b82e86e7,68
cc9cd7803,0
cbb2dd81a,69
2a0dc41cd,35
8e412c7e5,49
954d0fe63,14
6ef2473d3,13
ba9e33af2,83
4fb5992b3,39
760068096,4
2d3ea8986,103
36b0477d7,49
b51c9863e,43
32b46db46,21
6c6ba5d80,75
5c2b3adde,71
6557acff6,94
54f73d67c,14
814e0e21e,10
9f6708c0b,49
a69c80256,48
8d53d2814,103
73ff3946d,73
e58b03040,72
abfe5bd86,99
19e95658b,103
e5f6dbca4,48
705344bd8,13
03c9840a9,30
1a96992d9,67
2b347b559,57
0fc91f469,53
dd20b2594,62
dcbd123a6,70
e203d6713,4
4b4291637,52
2b313ee7c,102
f5b855bb6,92
2bf06cd03,75
141fe61d6,9
aedab5dc5,74
50ee680eb,51
083ee0c99,5
44d4d79f1,53
a8a8b4261,74
28fa2b3c8,29
33f20f40b,4
c8aa236c5,49
35cb5e3c3,72
a91426ca4,7
f670aa5ac,36
3b89f294f,54
344a190fa,103
1ee5a55be,28
5b3c21bc7,53
8af7864d3,73
12c738d87,73
11b0ea314,12
49ebce8a6,71
7b3780a82,10
65d1f9b28,69
369693f04,69
45c6bef70,73
5f0542bfc,13
9d56168f2,4
c7dad9e04,48
b547b5949,103
32aa8548d,78
77f6880d2,22
22f63c29b,103
336577848,103
9a4b0da88,68
2841a62a6,57
a19256173,48
6aaaa29e5,53
d25115245,49
359625cf3,40
c099603ac,14
c251cfdb5,75
1d149bccd,13
a0e86b0b1,21
15f331c1c,4
0b1ddcd93,75
7c30e1a81,48
e5b0c4faf,53
ce71e2dfe,94
e9b9e8a26,49
8e2b5a31b,0
ed127c922,73
36c344ab5,41
01c633ff1,74
c92860c63,48
05a947c38,50
b9b1f27a7,87
c2915a59d,49
0ac2378b9,86
50bb7de2d,4
75d255458,95
2eb1d2313,41
9b1b30062,50
052d2dde2,67
94db73148,40
aedb03983,82
e7393ca3b,96
44e4c1b98,67
22eaa8132,49
23253eaed,68
1c39926e6,103
fb56bcd7d,73
5413350ec,91
9c2f4d9ba,50
cf95485eb,102
d4ae8d14a,41
ff30e8b96,26
cd27460a9,103
246798d36,4
524961d31,68
56e5b72fb,78
49b260995,57
53ef32294,80
b5422eec0,48
2b782bb3f,79
eb64f3c3f,94
8846a7457,0
39e216b40,67
282dca22f,47
58c271df1,68
46ccb6bd3,67
6485b01ac,4
0dd7f1f16,30
88be303e1,7
9679190dd,70
b2b7e722d,103
5b8579555,63
fac9307e4,15
50a645c94,37
e5a6a39de,4
6939eb499,14
b2a655d89,39
0e62ddf15,4
c4081a31e,68
6cadad337,14
4c1b8a5c3,4
ec09668c7,12
78f6357bc,50
662f8bc0f,68
370fe09fa,32
eea83069a,67
f83e299b4,67
c145a87d1,67
1f36484d7,49
a2606d96b,50
eb4dbb060,83
400b2bbda,41
c0a83f8bf,13
2cdb115b6,14
20b97d483,75
13fdfe24d,92
62ea468a3,3
d09afd3b0,77
e5ee0be59,103
2f4c11e66,51
bfcb81efc,10
f7f45e1d2,40
bbaef0141,67
54493a1bd,49
d6a792c0d,40
c0de46b28,54
f88592f94,48
edbf64b0b,48
1f2eca93a,72
05b14593a,48
4de97f685,59
7de7343c3,93
6e3c0fddd,49
7302be7da,47
ce53cea31,72
6ca8991a6,49
e161af94b,103
1932af102,53
01555bed7,69
558548e53,67
d828c217b,77
7799eb3ef,48
dbeef740d,81
e40a71ec4,80
2b5f79660,67
8fcb4c7e3,53
0a9e05e74,80
0679c1097,67
0e0caa0a2,4
10dee0305,5
8459de1be,87
4ea1d0d52,53
b52dcfa52,82
8a566296b,49
b1296679d,75
a0277cf50,97
353bf092d,81
0d613de49,48
c82e8a869,4
a97dcebf1,4
1a2e45581,79
4f363e9db,103
36f02d6c2,93
653443f38,3
ad9a77e7d,0
2a7c1dbf3,4
4e792387e,27
01492b421,93
4bfdf517d,80
234f9781c,49
2a0404164,48
58dc520a5,34
793a50bcd,103
743c74763,90
50a1849f4,95
d5bb1b0c8,16
eda20ddee,14
f84335116,40
35946cce9,103
0e9e5a0f0,75
9e3425ede,4
8df7f4638,67
7504b36cf,103
466f28358,103
250f30059,103
f4c6d5b0d,56
f0f03b04d,87
80c048cf1,103
25db0cefa,71
cb5c98667,102
c83f746ac,48
4250ed062,25
2618facbd,72
6bb4e9d41,48
38fdf8c81,80
896467495,70
e8c49e13f,57
0124e277f,52
7c8c55147,102
237fe1fb0,37
2abdb1c5c,47
009b39e15,43
4c4caa583,103
ea7342d9a,86
533d4492a,56
fc7c304b6,9
1a7463151,65
57c754d1c,102
7530384bf,4
90452c872,4
3052916cc,95
57f357144,93
e8612373e,75
dc370d0dd,99
241202d64,72
37822e7db,70
559dc9594,22
c3b24720b,18
39ceb1ff2,94
f20ae4712,53
5d23a793d,44
e48737634,42
44a477145,53
386e40044,14
14ea3ffb9,58
fd168583e,4
b022bab0f,59
fb9520cef,93
58ff8f465,49
ce5f6dcef,87
ca96ff636,66
4d9a5c0d6,97
dd1e506e4,4
b4aa13520,12
146463828,56
165766e9b,10
49e871eee,0
316c28a80,40
6cd161345,4
a8331323f,27
c4c802142,49
5ff57970a,13
202a8996e,18
a8740586a,4
d9f3637bf,13
c144ae440,103
5a68d7893,8
8c8ffc7cf,89
f696ea622,50
72337a91e,50
99be4bfbc,71
ad2e27bb5,9
7371defc6,43
5252bf766,90
7dbc5a9f3,103
754cd2605,49
26b8d61ab,12
0e8760c38,103
e2cb25f6e,22
20a48922b,15
41beb5c12,25
f8221646b,46
b4d954bdc,80
6dbeff852,30
6285f24d7,75
94cf9944d,71
c0f55d16e,103
689a0fbd7,51
18ca651a1,74
6cf753c72,21
410d24f09,102
f3e315051,46
3dee899f2,88
0a4ddf5c2,72
485a5ca01,21
f0ca69363,25
e0c7c20d8,5
2e3fc37e5,0
d97f377fe,19
fe590ee52,102
8794f7787,16
3e0dee547,48
d6694bd34,72
7827a1d5b,45
2adebc1b3,18
9bf7190d6,8
707ccc2fb,50
6bcb5a502,20
3085e18eb,52
adacc3a94,39
6291210cd,103
d6a1ca6e7,21
13330e605,55
4f037af7f,49
5e802f360,83
9dc89dc6a,0
58605ff84,73
72c2a5cb0,26
0db15a736,24
c2a426d70,24
74f238044,4
dde1f48c9,9
3e4825fb2,102
82df3c1b6,45
c67446d52,94
811add27f,102
26a9dc162,66
e00aa2535,0
206b27d1a,103
358e5478e,4
301054988,49
c5fda34e8,14
ed43b8e78,102
ad34c1f34,64
60711fbc1,55
07550addf,7
27a95ef27,48
9eac41e56,47
d4610121f,45
4cbdaf60c,96
5b313549c,88
74fdf6cc8,12
e3e51f37a,67
dbe581aa8,8
97f545d6b,96
744730d4a,47
bb0e5dbe4,30
fbc29acc1,4
eec53fb8d,81
5633f1101,4
68f48e5f5,69
a8f945820,53
b1f3717dc,86
82fdb1afd,67
88d1747a0,67
7fd945d34,47
6182a0538,67
54281d31a,4
21b24a7fd,12
09ddc01cb,103
600bcfc2b,28
1c1daa6da,40
78f5768d9,49
0b624f751,67
4e9ed92fe,48
5da2bfc47,39
8a89d3315,21
c127de43c,4
f789af170,50
ab3210eac,75
0d0202522,68
5a543e058,49
0ec8c4296,48
e91cb4f98,7
abd425a9c,101
f7f17ae72,0
299e1957c,48
68caf79b9,75
2d0fa50dd,96
526449d16,91
b87d8fec4,13
e14129a0d,60
5a2fb5300,103
df723f46d,77
461f4f5b2,59
9b1d44428,68
be82bd09f,4
5762da038,20
f0b002c23,47
15b77ba34,43
d53eb8a52,103
78d30a479,78
c9c069119,95
29bd0c56d,83
457ef8195,67
f14b84f95,43
4d8731d6a,103
b94381f7b,75
d9004decd,47
240684145,49
852b5fb74,13
f250dd64e,4
7273b1c6e,67
7d2cabb96,0
6fcd677ac,13
cd703e25f,53
72b3fdfe8,67
624d36ae0,52
8f215711b,103
81aae2d9e,94
a7046c744,5
f78d35dfd,54
5ecc1c8bc,67
8a7b93f64,75
46002f8b4,103
33fd32684,49
b2d489e27,69
d6f707315,47
8d6c7ae91,73
8523c7858,4
007d156b7,17
87c39a44d,74
777ef8066,90
377b22380,96
f29fbbe61,95
a9b1f63d0,4
85934f1fd,73
6db87048e,25
527da06dd,53
02040055f,83
61da47774,73
0d9ca96d7,74
c6492c817,67
e6609d48b,0
c2bc296b9,25
6d789c449,45
fb4b0daa2,18
26806e9cf,87
bd9cf6b4e,4
e826a5f20,103
a80f444a2,39
218676c6c,90
7b9220d4c,39
4bc218fab,6
bfdf112fe,89
b5860475f,37
94693762f,67
8a4293e72,4
f4672d1aa,80
cecc8c55b,81
2e4395110,75
17ec6d74f,82
d97675b32,0
dd959de66,36
fb8d27d87,80
f90aea0fd,95
e1177c121,53
cb297624d,91
6823dfca4,103
274f4bd2e,87
7ba1904a2,75
3b197ec5c,90
15c5a0a46,11
06ebbb560,0
64a27fd4c,72
e33bff353,68
24be941cd,24
4fd5cd91f,22
dc2cac36b,29
38ea80b60,81
c9cb86f46,50
715ed2e29,69
657464c72,71
ed219c7f8,25
0cb8a264e,4
228f748d6,82
affce3819,17
01337a0cf,77
ed8f1770c,8
b364e8688,70
31323febb,93
bf3116d78,85
5a5e8deec,77
08a1c14db,40
0d5f19588,102
910b97274,3
df5a78c3d,67
2688859c7,47
56f6e9dca,67
7271d34ab,1
6ff58f465,71
db9eca137,12
2a94eba93,73
e95f725f6,45
ef761a150,71
65ad58f26,30
bff69770d,73
0a7989f52,64
0523c9801,67
b4405e586,67
084919197,67
5b9de4b19,83
3149540a2,73
4df899e46,70
264d83a6c,0
408fc944b,36
f5ce3d423,102
2f4739680,14
b23e435d9,73
b1d61c023,67
4bf7df629,14
1d73dffbc,67
df89c0568,69
339430425,51
d60582d88,5
319a4d6d7,77
3b39970a2,95
06006e0c9,47
274009fa1,40
977a23c97,102
9a302252a,91
3271ed094,68
7fdb7247e,15
0fdf5073b,68
25405d6c9,87
cf1ad8706,27
67ec88f39,76
1fda84008,82
eb0a53a24,13
ef9591f3f,47
ad82b1ba6,8
2d611a037,2
c71b3e27d,103
892426d11,30
45162353e,75
a038cdfb1,103
6b227f122,30
fd2bd5f1e,103
1c92e2b89,7
a73efac60,81
c6ce2c1ae,4
e44a6c4d1,50
8d8da7a3e,102
492cb82ee,91
4f06ca2cd,67
f92de8523,29
a6dbbc248,64
5b3739564,76
9c54f2285,10
a1ecb0622,66
58a01b39d,7
e774787e4,57
d2b357573,43
ea8dfdeb3,67
6abf7f144,0
ee2b50aed,22
0b3a02b48,14
e1b63aee0,29
0401b69cc,76
da83fb069,75
392d70bc1,14
4d1ef02af,57
c78e06bc9,14
98ecbe0b3,4
854ca7f47,13
b2b4ffcd2,72
cab155898,46
723403f38,35
4e6d9fad8,43
fab2df372,73
135359fe2,29
e80ddeb7a,39
92e74b080,51
fbbd35173,48
0c8b4c597,13
501117624,48
4e686a694,90
9ec15c151,73
7a0cfe114,49
497a53f79,103
87b9d4bb4,67
2f0224a9f,4
f9618eb56,50
535695fe2,62
6a414839c,28
07ce81250,57
b319ff6ce,98
2688f98e3,12
083c5dcc2,10
178290233,47
bfd66b238,43
27eb5a7ee,50
e646d3124,41
98e5cf2d2,42
534b7cc36,50
62a410cbb,67
5bc1ab931,63
9a1c7e11a,53
042c90107,74
2f0b8155a,84
6f4179bbe,102
99c05f8d5,56
3496823c5,4
da2d9bde4,103
147e5ef99,46
a8a7882c3,102
22324cd72,28
8cb3a6ba1,4
b57f67883,91
af70c8cc6,48
f41d18e37,45
161a7d556,102
8e612d36a,45
f5277593f,14
93100914a,4
74bb3e711,14
9dcdd11ed,75
2ad78f9c2,48
906121480,102
44c94e8b0,67
dd4a193be,9
08271595e,81
7077a94ce,60
05dc093b8,79
650d157b1,94
366a3d04f,73
0053fa6c4,103
f2586d647,75
37997c432,49
a6e0df6f5,4
1c435d13c,4
14ad22971,71
57cd097ae,73
4565dbe4c,57
40bf06f20,4
3accec78a,102
a8efc4d66,36
b14b95e77,0
220b46a44,86
5ced5d4a8,13
2cccd8e5e,46
eec3f5ce2,73
9aa0562f3,71
a622a8c05,83
6f2bccdac,77
81c8c5199,4
60a51b6b7,49
956392eb6,73
98dba17d5,10
91b98c869,69
87a338501,100
b2104558a,103
2fa8f8b85,67
eefdd0431,54
9843c53a6,84
4c9f8b6cb,30
014bc73f0,29
6308fe124,68
a86d3684a,28
7a90903de,73
b25179fca,49
23e50dcaf,24
42ce82871,48
360538bb1,71
049402ee8,102
31dae2136,67
624d13949,95
12b48d46f,70
aa12729de,47
061e6510e,67
04a9517b0,95
ab218ac50,91
c0f132f35,102
e34772216,48
63de51e03,70
337c0f7d7,65
308dc8750,64
3b71397a9,50
1951c5fbe,78
c49cb046d,21
7457a241f,62
60ba7e522,102
67714a8d8,67
b1ab363dd,103
43fdb00da,47
a7d9f1cdf,103
7e512d140,5
2deaeb284,102
5f15c8bd6,4
776074cae,52
ef0ffb5dc,14
05e218a53,94
f437c8815,97
88e6ef51c,46
08516fa85,50
c3c4ea291,27
2b95366a8,0
95a6fdac6,50
4d761f97e,29
d0e21eef7,13
65bc00f77,47
9935f0510,96
c34f2139f,94
4181595b9,57
e237880ca,67
f90c673f8,68
b3d9e6b6c,4
62822763a,8
48490759b,75
7c3055bc8,80
f41acf49a,10
a4541b8d1,103
9debacefe,73
45e6036ff,53
4994522d9,53
ca0113f84,1
9d13c547a,49
4a2dd1c8f,93
b8e0b2ee2,25
6f509e3dd,50
7fdb2b868,2
5586807d4,30
07283a3e1,103
1c4a00029,53
96f729725,50
80acbf30b,86
b840c68bc,67
e0b80caf4,90
05c9fcf03,53
101970f4e,12
a5988f75e,53
c3ae73094,74
529e8c1cc,82
683ad13b4,68
0bfb74564,80
656cc827c,52
1d73e26e9,67
6a0b33f79,30
c429543bc,77
92e7e630f,11
f97785498,22
06ad3fc5c,5
bd2e8c9b0,103
ee2886544,53
700fe6ff1,103
ab99925c9,53
cb3ffeb02,37
b983a51bd,103
688223573,57
333b45bf1,24
8cf4b952c,93
75001ddea,54
7b1773554,59
d7d866216,73
f3d6a27d5,80
4fe65e8ba,49
fe737e3b1,43
18377be3f,18
71aafc964,53
d0570b30f,96
470697d01,49
2184fa6f2,8
b9231d9bd,2
e56f9fd6f,4
e8d193a43,35
7e3809573,49
b15603bdf,4
011d32580,7
38c7f43d6,7
dd754aab9,18
6a881ec8b,17
30e9b5b6a,87
7bc968caf,71
5aafe07bf,4
2861b1d79,58
2d8c06a3a,0
bce577229,102
9a2fc15d3,13
795083f79,4
63348128c,103
49292d94c,49
9d9654afd,13
4b781211f,70
35396fb82,30
ed4b21055,13
51493dac7,13
35bb514f0,60
358530103,67
00f9d0e97,29
5ff30ec8b,71
b63ea2bf3,79
ce06ee7c4,72
577a972a4,24
71a787fb9,12
5cd55d54a,0
7e4a5d836,82
217fbb923,96
ee652c6dc,49
1b0d7769d,79
0b9841d58,53
f07838a9e,78
3bf2347ab,77
02e2f1ca6,94
cac40db60,20
ca9f22cc1,21
289e5b823,77
a3d606459,49
6f845c04e,68
940485a6a,103
a2f66236c,45
05a32258d,39
32a2079ff,49
80468179b,58
9643a628b,4
dc7a50dab,77
daa970cd3,67
c4c78dc65,103
801d0d3c3,75
45271b9c5,103
a0faa7276,86
5940f63c4,13
4a122e0ad,68
c33ac1a9e,4
2c69b633a,49
905ed2774,103
c615baaa2,92
bea75c9d9,32
93cdaddc1,57
babf57037,75
ebc4dfd8f,67
ee559b5b0,7
0a159c5f5,56
797ae6066,52
b145fd2da,38
3dba2c4ed,22
87de4333d,53
7f7c6d039,62
3744d58d1,21
26bfb56fa,53
e3ce14f38,48
9804741b6,53
ac7c6ce37,12
4955fcb53,30
d93bfff1d,67
68b83ad56,56
5f813832d,4
698eea745,48
63655033a,62
a13beee25,25
648319d0a,89
5b45e7a4c,67
a9c8ee568,67
adca067b9,94
ad6d4b44d,88
5745b1abc,72
d0bb3317d,36
5536e05ee,73
664e5c977,17
f2d476916,45
a567d4a59,67
6899ceaca,35
2a0eb44d2,91
4171d3272,91
cc9db3d3f,49
00ff2c720,73
675e1db7e,48
d4ac640c0,7
2461915f8,102
0df8316cc,67
f33705a47,4
9e31cbe3b,67
0de25d05e,90
0551c57d5,62
c1c4b2105,48
778c53136,30
3cd423fb6,47
462eb88e2,4
07b2fe99c,53
dfc4c6de0,72
3aafc89b3,71
dcdf04ae1,67
03ac6694b,64
d3be0d35d,88
c164f8571,97
5a0aa798c,70
46f943627,103
05ad9d40c,4
3c87fdc0f,53
c27d7bff9,102
60c40b083,49
494e86d83,67
764a3885f,74
fe1fcc972,53
c293ccc31,94
e2480f460,50
7aa990232,24
7a552ca1c,62
f35bfd300,45
6ab138316,21
77a43b493,14
f616c93fb,103
9a55c6f1b,52
4cb8ab033,60
3eee745a9,48
288510b49,82
d9111ad4b,75
d5628d4df,8
8d2b32b02,53
62a7c181d,73
54cebd37f,68
d1b715fc8,103
33948db2d,50
a7857a9be,53
a99ec466c,102
bca706d7b,88
d325e5d76,14
d90cad151,33
903bde9b1,13
86f4d84a8,30
28bab70cd,94
d185711fc,49
1d8f28be5,103
e96b3436b,8
c83825f6f,72
870b7fc50,49
23a1a3753,45
78be4d100,14
51c386b65,10
5a74ce4ab,10
69a8e84ba,86
d4f750507,74
5b8f09d2d,14
d9a8f22b3,49
54b444711,21
69239f8e7,13
10950efeb,81
45c11697c,87
68b41d014,76
5a33b53eb,49
f58d7487e,62
4c1941cfc,53
de847e487,53
f2702f681,103
5d0017929,91
63d16d8d7,73
94c8329af,10
14a69e3ad,9
124e119b4,13
bf679c82f,9
d615fd16c,49
46656822b,73
a473f26bc,103
c2300272e,47
c9e27d0e3,49
e1bcbc106,95
5da84086e,58
9ed93a956,95
e576b00a5,21
08263abdb,94
f2d41d6c3,4
13c92db23,0
4f1f1670a,53
667c3c161,99
7dce481dd,103
cdedc9d47,72
ef9f75d12,74
4daec49fc,103
d37745aae,99
1b6242f80,67
75eca83b3,103
4d14ae692,48
da6606b4f,49
679f0dac7,47
71ee25b79,48
5892ebde8,4
e08032ac1,53
c832cf426,73
665bfe8f5,102
a84815a9f,92
4d0ffe92c,67
40ebc99bd,4
9121b3849,48
49f972c08,0
bd6862590,47
757541c30,22
f0efb6c04,73
f95b41656,53
dacefb140,17
4abe117e7,73
ab0af1000,49
8f01b1034,52
99c14d554,103
24aae97eb,73
5fccfc9b5,86
839922a66,53
4925bf95f,70
8c434769b,0
211c90566,75
123a13515,67
a6c8a28d6,67
270611007,55
654ee7e46,46
edad0d3ee,75
362fbf850,67
065817704,10
cd15074d2,0
0c705e746,71
c2d8b52f0,3
587e44cea,86
5e0cdf39d,93
374c54182,41
b8bc9b3b2,71
8507d1b5e,78
6bd4a7ab4,75
afe1e4f66,73
4b648670f,103
a22110e6d,49
4c4c216fb,73
a0b262e40,12
94da0ee7f,102
89c19cf37,67
e730f38fa,72
ade6312b1,103
cb697da69,94
f1177451e,64
3b9e7a8f5,63
746f3dd2b,45
98033c300,12
26c144947,102
725cc0c4a,73
39e73d88c,73
d1993c898,67
776fe6e63,80
e7571886a,4
5c1b0f7ce,4
b339d0a61,103
47aa985a8,70
eb5ed44cb,64
50f72bf43,103
7db72601e,67
81cabee91,7
8e5430d77,88
2fc266682,78
8988c222e,71
5de25f69a,67
10c4c8d44,88
30e68f7e7,71
f6820c410,91
e32696dd7,69
d814f470b,49
1f7554862,13
317c8b0f1,4
13ae95d53,75
3bccc9014,30
4bf799dba,74
af5e2bbd4,45
87a93b8d6,11
75540546f,41
fb2b2e956,71
aca9ab734,103
ca1cef6bb,29
7949b71c3,67
345f66bc8,13
68b3481c2,80
8c6fd0ec8,102
4ac812558,49
4bd6a1f9a,103
71cc05cc3,39
af2a02abc,31
bb0b0e551,57
fe0e1d7c2,72
18d41400e,13
ccf2ec80c,67
1972bae11,90
b64ae4e8c,81
6d984df89,49
ecf4c1f5a,86
3eb77db12,102
b0c7165ba,95
fc8af9bd9,85
207684fb9,67
6c269a2b9,67
df88a9d81,73
c1553af6a,8
4fde9d58f,48
fe6991e3d,48
71525c500,103
a3160e2c1,73
ac937c18b,49
613831ee6,4
b2684281f,46
472c84cce,13
7a5dfb158,87
1d88115ad,103
720920606,77
894954440,87
6a63a8764,73
00856dfa9,82
e60d19647,79
8fe181d94,49
303979023,73
4b7b43b7a,80
58ff9dbee,67
e3c7bb70c,68
09ebedf6a,49
b5cc43bfa,73
2178a407e,72
321437b6c,13
6c9aa2460,71
1c4ad0e13,0
33096a299,4
d94097494,102
42b92a427,63
f0a66df4c,103
7d6a2ef07,10
38f3a40a5,103
6251c33ea,79
1aa8492a8,18
27ba808dd,56
be2773579,14
b7af85f6e,103
826712f91,103
5a00bf031,29
c7b1fd88a,23
0cea1df9c,81
3dc7bb76a,40
4383d6782,61
ff5892e0a,23
396d20b5d,71
3987e3d8c,95
5a80d4beb,7
666d25d39,103
026d342fe,93
b39cc3832,9
a5c3359e5,82
5bae6010f,56
0c548045a,25
6f84aa228,61
903ae9a2b,43
d2277f8e6,0
377c89e04,71
dca3a0787,36
f353716f8,77
5d3cac88b,75
059ea5059,12
a6e627c10,4
eed32e9a6,77
f6482ab55,48
f09cc7902,17
450d37a38,95
548a35991,53
5464a7e4b,73
54cd18535,53
7d2f35248,103
8a48a97f2,76
282419eda,67
9ba782fba,48
35a08a010,4
bc8917394,72
288d4365e,75
9a513b251,36
967c6bf80,4
653ee9b0b,4
fef98a71f,73
f50280136,57
de261e169,4
eda07476f,77
8a693ad10,51
2d8716e8b,4
c223fc7dd,52
e5bc365d0,5
3505d54bf,49
4dde25dfa,7
0fa462f68,4
cd053695f,94
7b1267e49,25
f421c6ffc,73
73f18defc,93
36a261537,9
878e5d725,53
db8b6aeda,103
1baa33eaf,80
0d3269c35,4
965dfff6a,57
e611f94be,4
500c28291,62
69e822cce,53
0a73725b6,102
89f46bec2,103
3267460df,48
132ebe116,0
a1cce28af,52
f096291b7,67
7b566ed00,69
8cc1fc2f6,86
477aa8655,68
eae09f119,103
a6db0754e,13
36a638215,40
af4873fe3,49
f80c8bbf5,24
2a872a9ef,16
2772dab8f,30
5b1892dfb,19
4078e0b39,81
b3541d83a,80
8afe59d10,52
3224015a6,67
0e6cad3b3,45
9e9f2f914,4
6b132a6ca,48
fbfd9cd87,78
f347c4666,72
11300f71f,49
5bcf739c3,5
329d815e5,93
9e07d0aad,22
943eef63e,42
f0c153cfd,40
1984a614c,81
4948e3ecd,52
59265d2fa,2
fb223c3be,25
5771f876a,49
dbff9bca9,77
d16d34784,67
14453eb64,88
2ccf28e9f,45
84fece524,102
13166036e,102
e1a0d5f24,17
1d1f028b2,102
a73af3677,67
c46b163d8,40
e722a8f86,28
3db6ed179,87
b33fe8ed7,4
07f8cc8ca,48
3f315b0cc,103
fd34d7c8b,52
1f3e62b48,21
9732ad4dc,71
347c449c8,79
c4970c739,67
38b929b8d,16
eeeb6b66a,45
6afc9ee54,16
0d989f57f,72
74973ce69,7
5de6bcf29,100
9ce1a30b6,67
9824cd034,48
6cbca5559,42
f83f81e9c,102
de882d4e8,4
d169dad5d,95
1394e9ef2,103
3cbacf373,103
38331a6e7,83
38faa7eb9,46
afac3a5b7,53
4dbc5fc3c,103
a16bdddf1,48
26a59215c,53
79686d60a,47
e1494fbde,33
dbff359cb,75
cefe64b4f,36
1b54ef9a0,103
e69fde9d7,4
7d9caf815,96
150643baf,67
e9564dc47,68
bbc846996,15
398744450,100
9428dd133,62
3c4dd2705,80
46290bd98,13
c07cac3dd,4
598a1c3d9,68
348bfc268,0
328aba75f,1
1fe3921d9,103
408b2d234,45
f2809517f,102
216703083,45
400353bac,103
fa53d140b,74
996a4ac53,49
4b4d2a0b9,72
768bf1fe7,39
ba4caa600,49
894eeb28d,13
092187ff7,4
dde25205a,71
e3efeee68,72
842297200,12
7d6edd6f1,91
4f49753d3,77
22cef13f0,69
65d14bd99,103
c2fe4e836,10
65ad21fda,56
bc199fa70,79
29026b0a6,98
9faca65ce,50
20e16a0b1,78
3ca2ee97f,91
6581fb5fb,51
75ef86e19,10
20aea9077,79
88f6fd6e4,51
d2a45014c,68
d14992eb2,72
1cb8e917f,14
171d91683,68
7be2867e1,4
245d80d97,56
2c009b580,84
8e1e85931,76
bed5e7833,36
2b7cf3253,14
7247cc6b3,2
527fe834f,92
cc055150c,73
9d8d14332,80
54c0482ce,89
ce17d08ea,82
31fd82f08,103
35dbda91b,13
58ede4d43,52
486ddc6d6,75
ae6e725ee,79
94e8795c1,47
8daf31854,45
6009ca42c,87
22adafc7d,16
648d6e1c9,49
c36c6ab5a,67
c0fb3bed8,19
0509887de,21
3a29db605,99
73d138dbe,28
61f976a63,77
14be34092,99
c5f4134e0,102
2c4213574,24
9d624affc,45
3b59b7879,76
ad85435d5,67
f61465618,79
69dcb9a3b,14
8816f311a,46
65d4e9994,39
5ba637a6f,73
587e9b784,73
7b38f9919,48
27391414f,103
54f09b0b4,13
c0654d4f5,69
36be47274,64
8cf5bf4df,77
d83b8cc1f,96
faa0dd647,76
0510cce3f,103
b651d313e,96
003882deb,9
111223138,95
8b8836103,45
6ab2a7198,80
e41a75354,16
15a4485d5,48
7a8a88b42,4
9e4d41ad4,86
0315a723c,53
462e25ba9,8
95f9e2bd3,13
3b3341edb,22
861f2c9c1,67
db65aac8a,10
eb09ff6cb,7
04f9e9721,49
e8746af68,49
3469925a7,0
abf7ceca6,4
55b323b0c,37
1b4beb2ee,77
6fe85feee,53
d1eebfd7a,103
50fcaf0ed,103
6f03f9497,103
fae67c6fb,24
f80b1c8c1,75
483a8e2d8,30
e94327a54,30
1b3705cfe,51
da2d31c98,4
b4a235b93,13
8f9a206cd,94
4b8fe9f3f,72
a8b29edd7,83
4dfdf7a8c,98
3d7e6922e,26
1e73b74aa,103
98fae1d61,52
7eaff7aff,102
be3873f5d,67
bcbb5c787,103
c8f0b4717,77
57a2e8995,30
15ec03f5e,102
d43d8c9d8,82
b137658ab,4
ef65f22fb,87
e72d6bcc9,67
fb41fa092,22
5d06b5c76,41
0f25f79f8,67
e3beb7e77,7
317b22963,90
850acae7e,103
8b15247f7,49
2f460d807,4
692cfa850,50
8b11c130a,49
aeaf5ccbb,77
e1d159561,93
9942a5424,67
2cf137648,67
088864629,56
c162978be,13
b3b55322c,73
2b8f0ac5d,4
4a5d43a96,9
473db5fc1,102
7927ce9c6,73
9b9e080c5,102
7b151e3d1,73
bbf51ba25,49
a67c5bc5b,53
5e0da2b1f,67
00c12e4ff,49
eda9f61b8,103
eee191638,95
0d7c08885,67
cbe14bd98,49
ec40512de,34
0d8d7ecde,49
d8076fc39,44
0087eeefc,89
4fd8099de,45
92cf0e905,76
ba757db32,73
25faa6813,10
1eb8876a9,78
57ca642dd,102
4c742de40,67
b04f7be54,24
15ca2c59d,81
824eae734,70
f3a75828c,25
fba0bb7e1,68
53c6c23b1,67
ed55919e7,88
e8993867e,49
c1ed4ef6e,0
706729fd6,82
ba32fd161,75
4cf202ebb,53
e210dc4ed,103
5078ff4b8,102
07aad3ba6,41
1f937e111,96
da9ed562f,103
649dd8ff0,47
f5c310736,0
ed91bd814,48
11b363237,46
813efb8b3,83
600f01e91,81
d3ba42b8a,4
ed601a04f,13
bd612f053,103
5ce48d24d,76
a991b14c8,75
f56efef52,59
bcde05c42,73
0bb9c3f30,96
7dcf1e590,56
329793680,102
808071b96,71
6e7b8fa3b,81
7a6ba7fc8,68
161acbde6,4
c8c88493b,93
0e3f76f4b,53
72b64a25f,87
a68584f39,0
707178bf0,86
03e5f5846,46
e82bb0f6b,57
43975ba66,67
ddd367d19,4
a66f7bbc6,4
0d9e342f6,43
fbfd88b1c,49
cb26ab8e1,95
ae78a372a,48
5b646246a,43
f029a3429,48
0b8824c7a,24
28dd39f92,14
5c8d0266e,90
298cf5bb5,48
d123bd691,36
f3ee3f7ef,95
f7034380f,70
d69c942d9,11
f36c00407,67
f7ad645eb,78
08b4c02fe,67
2449b5518,73
c1c26f4ec,62
7223d356c,73
fe75697b0,4
be06b31f4,53
5228fb3fa,89
d0cc62751,40
240e151af,67
dc0f9b59d,49
a40c5b66d,62
02c52b451,4
f6ec8db9e,103
092be0405,102
d51f2e142,45
a8b46288f,5
b65acd50b,13
61b1040d7,47
f557afe91,80
7ae791f04,88
a7eb19305,73
68cd38577,74
7eba030d5,74
d5c5cde4d,93
eaa6a3f7f,73
9caf3507d,46
0bc95b595,4
d5888b919,4
3288217e1,42
98077910f,91
abcdf9705,49
6233d3e01,76
5e5acfa07,80
a2d9d460e,43
840f3bd46,74
6550b53ba,43
20563ebbc,67
86c0fdb4c,82
27e7900b8,96
931cd1858,53
1ca8e07c2,50
7b7cce651,21
1fa3035ed,79
26d1c3498,8
37a4efb7a,53
23620cfdf,51
d1b0f75fc,18
55a2149cb,47
fd7cd952e,69
029c37998,22
0d0b4631c,73
d9bc877f9,103
9c1fca4fe,68
c298d16b3,73
a167a159e,50
33d008671,81
22cecb30b,4
35aa8898b,91
973172c57,102
8b5155f07,40
2d1ee50cd,68
1446df348,39
50f97c747,48
6e7629a9b,81
075602d66,25
805e9a7b0,4
8c7c3dbb2,48
bf4c39972,4
0a825b67a,49
6a29fea52,41
789f0394a,61
9ec91d6b5,4
3510270ee,39
f40dffb83,65
d55497abb,102
7796dda43,55
d4bfe24fb,46
4ed9720ea,53
b8e1080ce,67
5235c6c53,54
fb61eca01,102
e1e5687f0,4
9de211ea5,9
4a14dd513,67
cac4474ff,24
e4cac2e07,67
d19fb376e,96
e8636b839,49
ac79edae6,23
edc3e9332,96
f98f94bac,51
a6e295583,78
8ef339ee7,49
3127f8637,67
77f19a3b9,19
9c73592f0,67
e67454090,79
f509e2cff,0
0b1605a22,47
04e0d362e,74
30d9b6204,91
dc5ba9ff5,102
5e56f69f6,72
cb8786391,51
a05c1a9e2,93
74c97189e,73
1beb08caf,39
516ef6822,75
4249b8e73,49
345b6fc68,70
a9a93e3a0,9
29a02c757,63
32c22cba6,6
9d051fef4,50
a853842c0,57
ef68e319a,4
cb4330abd,78
eb0d37eab,13
adad9bef9,93
4d0d04ec2,4
a6ec0a798,53
6baede1f3,83
a1e81894c,67
b909de36d,77
9390e29ac,47
20079ffd6,103
8d729fb61,28
9aea1d3b4,13
2ae7f866e,53
582a4afd0,77
582dd5eb1,73
bc45792c0,103
2acaabdf6,4
3f39dac7f,1
f01658320,67
688759258,67
4aea86d3c,27
6f50f7647,73
98320c076,39
bcd77e220,5
7a2a38d8f,28
7fc99345f,98
fb745f800,83
2ae85b034,53
c8349d602,49
5f8f53f23,48
3655fe917,95
0dac4246a,87
d0bd30dd2,82
69930f05d,53
6d8ba2cf9,55
275952360,28
dda771b4a,49
dfd66382a,75
268c2e415,82
0835292c7,0
343f4db58,67
05bd91dd4,103
16e29883d,50
2ad779d27,4
c82045295,12
6dbf25622,52
aff590876,47
958e9761b,48
8a904fdea,103
97beecd94,46
2a9af9154,32
478fd662e,13
9fe8be4ac,75
39090147b,88
bc62cedd8,14
2f57d711b,4
d3ad608e8,41
d3ccdf536,14
192bbbbda,27
e3b9acc43,41
416b038b2,67
30bfe5b05,54
c8ff3649a,77
eed18198c,21
8eff39ec2,4
5b9059868,59
7db7456c8,8
27178e6d0,86
b80ea5db7,47
39c56af7c,62
b796fe951,49
a5eab308b,87
92d447000,49
4e43a75b1,0
a114ff305,19
3a01c3e88,59
d702d0c15,41
3231b476a,0
487fc089f,87
5f22d82a2,58
f68529efb,4
cd009e1a0,0
006afe0ef,91
7c3e5c00d,75
cca529347,75
a6105941f,15
52178db26,94
0847f61d9,73
06846ff3d,89
ea72034f5,53
c38884c9c,22
a9f3ec5aa,70
19b1f6ed1,82
2e211accd,84
88f935ebe,73
0208143a9,53
74cb419cb,41
f85f090f3,101
93efa8927,67
645e0448d,68
a235500d0,66
35faa30eb,88
f2a97a3bf,67
609230590,0
a02dbf1a3,21
c86b6ee78,28
2afecec3c,46
868f3ca31,52
1559449c3,73
15bcf0bc5,79
89085d10b,7
7d825a631,87
d5e4303b9,7
437e2a9cf,25
a425fc6a7,48
5e5672257,29
012f05d4c,67
ca875ed6d,0
1344e985d,41
d57064ac3,97
ae3a8a68d,13
4f02105f5,103
297d94118,30
ca2cc5375,4
5ccc5c940,103
54eb01070,92
3a456593e,52
b70a1ef51,67
165ca8a81,59
1914b6245,67
bce769fa0,13
9fab84e7c,103
6fd250f15,103
74c86dc94,88
027ff9d9e,83
9d65f5961,2
d01f39daf,0
352d983b1,5
cb05fa534,33
5fed86a73,41
b9a6f2dab,50
1eb6f22d5,48
8735b4ed7,49
e6c7eecab,103
467a87b6e,67
1161f79f4,71
7b63ffb33,49
db4a05f64,62
4fe780b27,50
aa6a116bf,98
6d00d0707,76
ec15f805f,71
c67210c70,4
fee2ad37f,67
39a628cff,49
15442a507,5
26b07058c,102
154f5a75b,75
8d4ecada4,79
4b69e4daa,53
e15365337,95
27c74d8a8,71
a546be8e9,4
9db76cdc8,80
7ea4fd1e7,44
0de5f6578,73
661e5ee1c,103
6f6009530,28
47e7d602c,82
ab473d0fb,11
1ef078208,13
02821f581,95
f563b8f1b,97
52491f753,103
946f97527,103
5bdd76ad6,93
6d75535dd,11
675aad8ff,13
22207b7e5,39
6e0843d38,13
7ce82e1a4,73
5aeca7ba2,72
87ad47626,86
8c026ccfa,83
c25141a41,97
dce29c03a,83
aa063d915,67
a81b149d6,49
a645ada8e,103
cdcb45570,73
3b6e2c5c2,51
93e1b1b57,73
1ac744f9f,81
f66e3a446,82
2a5d624ae,67
23f960bbc,89
4b4223c92,14
c511b01f1,100
e2ef28251,67
b45b3f474,62
9ca5d93d0,4
39902d722,102
75bb87271,95
29d710a29,75
485e088fd,49
7b38952f6,86
8fc8e6925,42
be2c310d5,93
b41fe0aae,82
58df72bc0,8
8b4182aa1,67
539e41e9d,67
27753debd,4
d2dc27a1c,64
e8a5b6337,103
6ea1e9ac0,29
71d39517b,59
c571990d4,16
c6baa2b95,55
77628c813,67
1153cf999,103
12fdb3200,83
aec05dfaf,67
1770a3955,39
40c67cca4,47
c359190d8,56
8e96d5481,85
92d56d30f,30
e00cdee28,53
c16dd6692,43
90db97153,103
abaee2413,78
2c3a35bfd,67
76c56dda7,51
b466a17e8,16
e87c94e9b,41
cb1fa5404,49
f1b51e257,14
f8d2fe6e2,45
52592a2ab,14
0f58c281a,46
789e0279f,24
2ce2f09d3,4
ddb84d9ab,46
5a5fbb94d,48
c36b30d62,49
0a5f90dd1,48
0e5ddc603,4
7cac453ad,71
149d11de6,53
828abe04c,13
94c53b0c3,43
505515f6b,102
929ac8834,49
b5ac11272,96
4e3b3b3cd,51
48b580700,67
25b587ccf,68
a6672b875,29
4c4a8848a,8
18e22af9d,70
a8c934e35,4
41eb38ad4,59
79245d0e9,10
a2d7f197c,103
138275e36,71
d18ee118e,94
8ca2371d5,4
9fe3b171a,61
baf415f07,72
5bd9a3483,60
a3fdd2210,50
b1fd7a2a2,62
4e8b618c7,48
140c059f2,102
ae5333fa6,70
334118e8f,0
c39bb3b9f,14
339153138,53
76ad6cdd7,5
d6fba1863,45
6a22f0ccf,76
a9a679316,103
c8b1673ca,67
0a399baa5,4
a007c4ce7,36
92025e489,28
6326ba8d9,72
0fd1b5059,67
2b71757d7,36
5eb156e33,103
c624f43f9,14
8e70982a4,93
8f029f975,18
b507ebc7c,88
79c44e828,103
ce2335977,85
9b8caede3,51
742ca771a,73
7c2f23622,91
42dc18525,83
14024c433,71
9360afb8b,24
d007caae7,91
3088361cd,53
edc4d0f73,80
16c7a397f,48
c77c99cfa,49
79a025018,50
6aa4095a3,59
40daf3243,14
da0416b3b,13
d2ce72fe0,71
564305f6f,56
d77fa0d2f,8
bfcedb4e7,59
43ccfd5e2,67
0fdb2e372,71
1e91a06c4,53
657a2302f,96
1749a6a95,5
27c66fcb0,102
e958b63e2,65
b9fb3d0cb,29
67e65b379,72
6201345ad,53
3e7922328,21
bc2795b7c,48
dbe5bf31d,15
c337a455d,4
75d3452c1,92
1d1b18d38,69
8a361b630,80
b448720a0,49
ae2864464,88
046b83571,4
dd7f0f72d,83
b382fd54c,90
f8eb6ec7c,79
8b85ecabc,73
29040ce6b,4
b4f324422,4
bbce1172c,67
500ac8bc6,28
14d3647ae,73
084527620,76
3b8fc5371,72
474219bf8,54
51f6d891d,0
cf087fd47,45
350c32674,60
4e3f96c83,68
e0f242a92,29
b30c2d7fb,24
423c62bbd,93
9db94c1aa,79
d39e4ad87,103
2e36d4f93,49
100c6474a,43
bfda38c44,48
2c73bd62a,51
e178e1fbb,67
24261e7f3,69
bfb86b915,88
6c7e15c23,47
3ba519bb8,45
b7ff1634e,48
2212d47f2,62
e9a190503,12
e9294bac5,11
6d2e2b6a2,78
4d41db87f,67
9f447b11f,102
0f340c3cf,79
83a004123,4
4244d98b7,4
4091cbb29,0
504495975,49
7bba13923,75
d503d72f3,26
43b2ec735,24
2406dc526,81
5a4014213,45
4181451b5,40
c2a78ef27,48
2d6826d81,67
2bc5a1d42,67
2bf69c9a8,93
657d7b6d3,82
ce7f9e0a0,8
c63f5d38c,96
e7bda0661,88
0608f2ec0,0
6c80cfb8c,67
791899b46,68
347f41bd1,4
ab54ef65b,7
d01d8d2fd,45
e1f45be9f,14
6c52831b1,97
832bbc430,4
0c4cc8319,13
a11918aa3,53
5857637b3,103
0bd70c4ae,94
ba9e2d304,50
61d566521,14
212497b97,93
a7ab2ef02,53
aab3a2289,28
6841f21d2,75
d493e1205,67
925f36b79,91
a1d2cd9b9,73
bce37c882,13
c081f5b7f,45
501396f2e,62
d4afbe85d,13
92c92500a,10
978697ad4,103
f6f0e3d49,53
b4eb26098,48
e4e16eb70,103
1d0cc3798,80
2e478a3cb,53
557117401,73
ec53bc088,86
4f855f8ce,90
0787857e3,60
f2defaf74,49
9c477d377,75
3aff0dc0d,4
79bf0f076,6
fe6889fe9,87
007455d6a,11
c9e727ec7,18
ba763e4ad,96
23b33fd15,103
967133383,61
9333ee3f5,30
b5fd14fbf,50
3daf5597b,24
999be9923,53
53cf1033d,102
f49141ac9,49
23e9b2025,49
976379adf,4
d08fafe17,76
1c8c53577,0
e71ef6701,4
acd61abf2,77
fc4e90060,67
2367b5056,53
aeb2bab6c,87
54454ed83,43
42105b5fb,53
528c13be5,75
ca53ebc3c,38
bcb73b724,30
a7f1fb92f,67
0e1fdb95a,49
b687e4bd9,88
93f493575,48
ef26ad662,12
0210ba20b,46
035d2bcd9,103
9b3779536,80
4ce9bc001,46
cf192fc6a,48
9eea9316b,67
1aebb60d1,1
3f36a62d5,98
74eb03c19,43
87fde6edd,22
24032b382,90
0dffe81ea,97
a7088bd2f,53
fd5eb7e8c,0
719aed16d,13
761340c6d,73
5ff71b40e,13
5eab13f01,40
1157fe26d,72
a8bf527dd,6
e8c36457a,87
7c1a6e1f0,72
c3ecbced7,75
2c9dc020d,18
4a506053f,75
bda7820cb,49
eaddf667a,54
5e2692d15,6
cd4179139,4
2c670a497,67
8924dae8a,53
5ec4acbb4,75
f458034d1,50
4ae7d6827,101
c7827133b,50
3db5a2d90,48
1c5a3287d,61
7775f87f5,72
3bfb94587,50
b7ecbd370,4
f938b8711,103
ca8726968,46
d9af9a571,48
c7ab8e645,53
d375ebc76,49
98b1475af,82
16e7f18d3,79
d98e07837,72
973cdaffe,5
7d1794961,47
b390e248d,93
d98cbb36f,95
db9c84b18,103
ab8add1c1,77
ddbf2eac2,90
da76579e7,78
bf16e0cb8,49
bcd08a7dc,85
fdf659ef5,75
1fb27e305,87
79cde037e,103
3526d7815,103
34baaa6cb,101
da3a23d4c,49
cfe74bfdf,68
950a866ca,4
cebf5375e,74
85aeffc62,4
93e296cef,35
7d7b3950b,25
cbbe148a1,93
96112131f,49
85c997028,80
a5ae66568,14
a939e29d9,103
53cd52d9a,51
5d426c1bf,48
6433f1917,67
509741eb1,67
dcab7fc67,94
49f2ca2d6,13
3f36f3f32,0
fc354c0c0,77
c3d03598b,24
a11b09e07,0
ac114952e,73
29d87bc0c,5
40d992dc1,94
557900fde,103
49add67af,80
df16e4771,11
867374cad,103
a025436a1,5
34438649b,73
67810173a,3
0c288213f,79
a77db045e,2
b41a52def,14
35372e4f4,103
155727e57,73
70e87c482,91
455c7b67d,50
605131c3a,45
3bef19347,49
e33d3b318,36
8a18b9699,0
a078d515d,19
c357e5a70,58
91fae734e,103
3feba0f46,86
f1b4ba5bf,40
ade9181a5,26
4f756f230,51
8303a6784,73
d96704410,42
aaf781d34,1
ec53f72bb,33
d8ca58a4c,36
82dd63dbb,47
99b3a15e5,49
3acfb71f1,27
b764d3dd7,73
2c8530a58,70
127e61a47,49
7560dda12,49
c12330d34,48
829bcc49e,29
3ed70f179,71
ff02d53d8,30
1e2c7b899,5
19e44b02f,81
0bc02eae2,18
2994ca253,71
2a98afbbb,96
f314ed416,103
a1f8b0936,53
523dfab06,103
9dbd813fd,0
e27e698bf,29
156c0950f,72
2b403205a,48
9ae160f11,91
a810efddc,58
b96a82543,50
8b2940362,67
d8a5ce5ff,48
3c3316506,56
30964e186,4
82a14f17f,5
5b69d3121,73
50fe6ebcd,67
56737d31f,67
d8d29bcf8,0
f4fee0e27,42
ec51d8607,30
6eeec13c3,82
441472ae6,77
ea602cdc8,14
16810b3aa,16
393b7dc05,48
7d5a95675,73
3c401022c,71
87827d39e,57
80b87cc06,49
8559d49e6,87
c323bee87,28
08a7d77fa,98
4612e397b,4
f2a6cb1f9,97
8eb564814,70
3b2fe5739,25
5e45c97c9,94
1ba32dd82,46
92782ef45,102
e6171fa85,47
cde20b1b5,4
6143c21f2,73
6d7b4a632,48
ba9fa9f30,49
64327e651,46
9aa2210df,46
c18fddc3d,48
d445b47b7,78
a7b95dad7,103
b82a2a3d4,69
ce934c0dc,90
c16bd5262,73
fc3f3fa1f,28
49f7cdb45,53
9944acf36,68
155c1e966,41
2f5064517,77
d34ac237a,50
543a799bf,59
dd4899180,103
1a4dc4b2f,103
b1adced44,18
ee705e49b,29
a97f64861,16
77d850f7e,27
5a33a8adb,0
53f3609ad,4
600da56b9,12
04cbe7a50,97
c11e44cde,16
3f7fa081c,74
37fdec841,49
e9c5f7cd1,48
3ca06eba6,103
bfa9dec26,4
07be81d64,67
771b14071,4
35e005ed6,4
7bed881d2,94
0ac5ebf0e,52
1b474b251,81
6f9686457,53
f247862ee,10
532e6c637,53
df38bb8b2,28
278e2fa12,16
45a702ee8,62
bc83dd474,34
38f6562a3,4
df4ae0415,67
e46dce22e,37
b6bc88c1f,58
e96d15acd,50
79522023e,40
c9dcff9ef,68
fc4486b5e,71
2bec0d2ea,103
9409f8d69,88
f9b3f2991,103
b2d3bbf61,68
b56ccfec7,48
49f864fe9,79
92a289926,102
5134a2245,103
04da4955d,75
8253629c8,49
f7457839f,89
c58d1fe16,72
19bcd7864,20
8b423a167,62
657a4ea19,46
4500b8a44,75
ada0d1354,59
67873d67d,74
5954098e3,81
8098272f9,86
577793268,88
702b7fc70,94
78bd1cad3,0
5ab25460a,14
01f76a519,18
d8136729e,80
1a2ba059a,11
b3411ee1d,49
eda0c70e5,86
d3f044336,49
8a428ab24,55
8899c2050,13
9154cfc20,4
117122b38,72
8261e8f5b,67
49f98b25a,79
e9178e294,4
bada5fd0d,75
cc98ccc8d,4
f3c88b910,74
4af75b596,67
d779dbe77,47
45093c3fd,75
6ebdc31d7,70
586868059,78
8cb48a7e4,43
23ee9f44b,42
98de1be5f,4
f552eaaed,83
e1f2ff623,103
e2e8f7c06,80
a155b0167,51
516a450b7,56
f4f248df9,48
92aea1584,58
8c0995d82,7
36c06efe6,75
a6ff6f81a,52
a781c6147,73
4de9ab35b,46
96b039170,21
7e58b251b,8
266776fdd,53
5629fc992,73
83c2057bc,39
1aacc5bb7,48
cb3bdf3e7,17
ff5fdbd84,14
536842c4b,92
86935b0d7,50
d81c315b3,48
401730197,4
e8a6ceac5,4
d0989eec5,4
1886b234a,4
12eb5dc94,56
8d9185540,102
2f8b40852,71
89e7620ff,48
7f9351c2d,49
2a18f7ed4,3
a3535e355,53
8ab8cb727,12
330cc9d05,24
f93b17627,47
137107106,75
3dd3823ba,14
7046567c4,77
187ba6ef0,103
af6ccfeca,91
53fb48abe,83
ed7123e07,102
70c95a76c,67
925de0d45,94
3a49d5a25,4
4ddf168de,73
0950aa4c0,14
bd1b3d191,81
31750199b,36
b59846a6c,13
5233ee8fe,45
8fa0abb21,13
4434ef42e,73
f94013d99,80
8f4a554f2,68
517ed388b,67
a42065058,75
db735ff57,18
2d17418c3,96
fe1615399,86
25a24e8b6,61
d31117d38,67
c1d072b0f,83
0862d460f,4
1f21ecd18,4
500cf0ed3,91
5d17abe47,41
cc599caf1,4
e64bd2b5f,29
9881c6363,48
67a25ece3,93
8e07336d7,47
fab4eca91,95
b26f33224,4
37885d3c0,13
b80695478,47
1474acef0,71
5c5a534e3,81
d9e1e54c4,4
61e87e199,30
58dbde095,24
a7bb097c3,51
0905820a2,96
a8e11ba37,75
8967f7f3b,10
641ae8aa0,68
b187b258b,36
53cc94634,42
909b6223b,8
213cea039,76
0dd4bac89,103
c90a12d27,7
2080c5234,71
2623d36fe,67
531165006,103
1a751ac8b,15
2ee9ba725,47
522ea009b,103
b5fdbbd19,81
ba9e184b1,67
fe195b05f,0
2313d0e1c,45
d8f9c9f6f,0
656c8e1a0,78
725611911,40
381bc1702,102
b78fc427d,83
1e71b66ad,58
f4db33d12,48
d0ee253f0,67
f73a6bda6,83
266ae8451,67
ab254cf0a,95
c3bf03c46,73
74a2503cd,67
8701aa4ff,35
21a0ef857,24
bdccd8d94,53
007258826,49
600693e8f,71
0e1199571,4
e20191edf,24
38235ae21,49
d376c4365,55
39f2c9f4a,47
906ed5d8d,10
27aa48f60,102
e71ab3905,46
ddaef039b,73
7db900a9f,90
60372c4bb,0
d45c77b42,47
cb80e17f2,55
7bfaa6c93,83
ece8721cd,53
18b1c8787,10
a8d7d90ae,67
0501292e5,12
8da1e9ab2,73
4bc167a81,4
f6f80e6cd,89
5d4d774bb,49
8d4598be0,48
491331146,48
7d540187a,103
51d6b9846,102
6d822303c,14
f1e56842d,98
9367b53dc,50
ba2d603c3,73
61e0f377c,67
7af25ae57,102
812b38844,103
114c7355e,0
9167143fd,46
988f93442,29
0d5832dd0,46
8b4b27e9e,48
544ba8771,4
263d09ca7,73
1d24f052a,10
8c0e403af,56
01863f6d7,49
1eabd5622,9
471609fe8,102
46ef787fb,72
69c63b4fd,18
a9eaae137,86
8226b3a56,50
29a77c458,49
bd4976820,4
7cb07f8df,79
696a13525,53
dcf4672c6,67
209e45144,49
bd0d92568,72
a670f0c43,68
da0fc52e5,73
17f8af701,68
fbae2fb1a,49
086d87731,48
ccc54a4f5,53
ff264d2db,76
c548502c7,24
139b1d751,53
ab5f64570,13
8e59ed760,29
5acae87e6,0
232ad11f4,80
ae2b1bed4,75
8e6591362,30
fe2c0a711,4
7e517b238,22
3758eaf1d,21
fb87ee5a3,46
230302d1d,83
261838dd1,50
ee83eaa8f,84
8dbbf9d19,7
4415b68f2,80
b0b2364f5,68
bf4bc1677,42
ce028c60d,46
7fccc20cd,103
16f9971d1,48
56bb538b2,1
a0d752238,50
c18a20c3d,47
4d05e9395,83
9fe09edeb,8
4d4c87a41,79
530bde853,52
67fa9ad3f,32
7eb7812ba,4
3af4c8105,103
ce434f86b,89
8ce0043be,11
cd88f6d4a,28
c5fdb2459,13
6d233727e,11
8fc000b1f,0
1837b91e3,87
d70fac2cf,77
4a41ae5e8,83
7683668d8,33
f83823a7e,57
1fea6253b,94
563c9008d,50
f8bffd3d7,102
afcddfdcd,56
4a9f824f6,67
b2662c86e,94
3ebeb5ac6,36
00d32bef1,4
c1c3919f0,13
c3432750a,4
6cf44ae8e,88
48fb56f39,49
315a148f3,0
e964c6dcd,93
6896dbe36,100
f16b7e08b,9
0fc65150e,15
0fedbbf5f,4
d0a99b293,67
c6cd3ac47,75
bfd311430,75
ddc1eacff,0
e3d055215,24
7e8b191e8,68
359c8a8bf,50
b1066d5b5,65
f8db20c1f,73
bd1dbe4ca,53
3070b77cf,55
e69beeff1,49
5153e1522,13
f3e1244ca,46
48b84677d,32
151b27a24,67
5e287a0e3,103
136b3c7b2,57
8e55f2268,77
83bb94c90,52
1fb364cd2,47
14e124c03,4
288772300,49
a324dcaed,29
aa4f36f71,77
48b37a43a,83
28f52a866,29
2309219de,87
66d3a82e2,103
a4841f6e7,0
0fea673a3,52
4479d35f0,73
c980fa8a5,67
f2aefc6cf,93
9f4b942ff,13
015a601e3,47
d8c46cf4b,94
79c1a3d97,73
8fbcbbcb5,91
f8da03f7a,75
54296cd42,88
1336ca52d,10
d0f992c31,45
d08be28c6,62
15ef197c6,84
0e3a60b3f,48
41a1ca700,79
3a1396fa3,55
9eaf1170e,0
eb7854187,47
146fc86a4,88
4cf4ac658,82
565242c3b,58
5eb9825ce,93
dc53769ad,73
035e7fa21,66
ee41c42cc,68
99776d4df,96
151e1bb21,49
c0e30a258,62
5c6e09f5b,13
bca2de14e,68
4374d5272,77
8ecdad441,91
f302f29a2,45
39e40cdd6,4
fec3fbd0f,81
3a9ac1cd1,49
eea95e8a8,103
8eb64dc4d,95
30e522542,0
4f21ae7b6,49
551f3af3f,48
661307d74,72
d7e737749,55
6473786a6,103
c17b6ab8f,17
bba2d82cc,38
92ec435fc,14
fc85dadd3,97
78a91fc04,93
ce136eb7d,0
60d83cd0c,29
9f5dfd81d,52
20cbfadeb,49
afa3fc6ce,94
4b6dff5e4,91
4e99c537e,4
a673ada99,53
35311eba4,91
dc9af495b,13
6d8432929,49
27dc84ff6,103
02eea69ff,53
d28273036,50
3856fdbd7,68
d852da76f,102
857250508,50
a249400b4,4
6016dd857,67
c3bcd37c1,92
f0de6586c,93
34589c202,95
0bc95f66e,72
6aefb94a6,18
a8ba067d1,77
185f4651e,82
b6ef5389e,74
f3300dab1,75
909ea73fd,95
a31e545e0,4
186a8ff9c,68
9b7ad01b5,48
372ad684a,2
1989da31f,4
6896b5c5a,73
8c5ae49a8,68
e240c69a0,102
9b40a0513,47
dede702d8,22
99263d818,50
8fa8ee1c5,21
032ca1556,51
4149127b2,86
8d4c9f88e,94
a7c42fdb2,49
5cc2f95e9,90
e78504c82,48
922e45d33,67
d0b1e24e9,77
957f42d35,75
b6203cd3a,48
343bdb4b8,76
459ef45ac,84
df3b6edcf,51
79ec6e32a,37
efe50806b,67
d39b5658a,13
32bd3826f,56
63a4aed70,50
c67858398,14
92c7c2838,5
f534d4ae1,76
132212f11,75
3070a069b,73
8260f8641,30
9dfcbdf18,49
143e26686,6
51507f7ff,42
e25ca1054,4
9f392cb03,75
ae804f35b,75
9d77e8b46,74
546744090,49
1bff5085b,67
8a81276fa,14
182c9e6ef,73
d32d6ccd9,75
e4ba02634,0
19f37512d,54
e6c3f8ec8,80
dfb7f1e61,25
6fbdee8bb,51
fd33b68d1,67
0416248e8,103
ed0be72ef,10
539a14033,13
79335a465,103
57fb229ad,75
370c2501b,47
8f7809cb4,74
0d97ef626,96
5d58d5dfe,68
47134493d,46
187b49cc5,102
59d5309a8,80
fc4e189da,4
b034c82ce,80
638d987cd,16
22bca0aa8,47
2a0a14e04,49
5b15fd082,100
380c9c318,32
3e629f05f,72
8872018f5,21
ac1156cb1,88
a29efa0f2,53
f38fe4cef,103
b2982bed5,103
7dab12862,25
8a4dedc87,69
5fdf59f6f,29
43a84d203,18
e635de77c,75
6f40daa0e,48
d539aadae,29
bad7b9ba0,49
4646117ab,12
63bcdd5bd,21
c128b1e28,29
7f8e636bd,60
89bce4769,29
82c248395,45
acc377b86,41
7864cabe3,4
a893581c4,9
9f80990ad,103
2198f8dae,47
64581ef78,102
4bbb6638f,29
4c184156f,86
ad153ca7d,75
fac7af031,96
83302ca82,102
8212b672a,13
fee53d77a,73
bf711d50c,56
d982b80ea,0
9f2d4991f,62
523ec62fa,13
03a46c116,73
9c0cad204,53
e87044bc2,12
6a6ad6ad3,102
a8de792e9,13
a08ff3c7d,39
80c9bb328,75
7182235fe,67
b134d8c5d,67
6a3e093a7,103
b8741ea9b,100
82fdce8f2,12
db49060ae,75
5398f55f4,73
b9bae6b0e,34
0555a95db,4
8ccadcb08,81
501e378f3,79
75753e7b1,47
fe843e592,103
4e4504ced,94
be953b60e,102
da00cc5f6,83
6fb943b8a,103
fb02c411b,94
03333ea62,70
9b442480c,103
189976301,67
5aab08428,67
65bd3368a,38
f1deb3cc1,102
1d03ab65a,75
5453d7402,4
ccb9b5cc7,12
3433a69c3,0
e44ef0f10,49
42ed99f8b,67
f50873a8c,42
9b28c9ce7,74
c61f34131,102
073a72a81,83
0b3c9e1a9,14
050bb1262,72
f84be6387,47
07184caac,102
bf85f6b58,0
aa8eef48e,103
431a635c0,62
c5b5ecb0d,48
2b08a162a,102
a39a47b84,0
5e4a5b406,28
70501f63a,49
960fe3fd2,48
2d0832480,62
c95269a6c,48
bac490985,67
ec68ef123,48
e66879b66,103
792982c6c,45
694b396d4,0
502aa0fed,14
1329c5b4a,75
64027156d,67
762c5e25b,97
d49030919,75
1d808a2d1,91
a575e3bf7,83
351f462dc,95
1162b2c5f,95
7d107974a,50
e43587721,40
d6e9bc323,13
0faa6c65f,97
4bb5dba59,0
4ff518045,67
c987ff810,103
06bfec1b7,4
218ffc7c9,13
4719dfcaa,75
2b9959134,83
20dbff58b,77
aba2f346f,42
fb60964fd,72
3863b7205,49
a134c5401,91
e68f95550,86
053198ea7,75
8404dd232,79
59372c831,103
1432b2d26,8
db53bafc8,56
01ce7d2df,12
b2a96e09a,13
e6f327757,50
47f7f9a06,87
0698ae8e2,35
2f230552c,67
5a3dafc67,25
23f8fc3d9,48
abb6d81d5,77
f6610b1d4,72
6b7f80246,36
5a330e7b3,86
733de405f,4
f60ba81cc,85
d0e47da08,73
77b8cd935,70
37525f380,68
9e7060f60,77
23f7b7a7a,102
97b161e96,67
72589c9b2,14
7ad932a97,91
532eacbec,95
05c992976,47
c9d5ec522,75
c84ce54d5,7
7e61b7ed2,38
5622bbc0c,68
884593f79,70
7d58bbc35,73
bed3cd944,74
2ddbb0f83,80
304631d59,46
632b5d37e,67
459adb9c4,72
452ec84b6,11
35b896087,67
341538182,12
5ed06cc85,47
ae016f27f,49
d974a8a25,69
4641d6c81,28
743a39958,49
009216487,48
383e2e03e,67
04fdbddd7,73
2cf6e6419,87
0993a96fb,45
61fab76c9,75
230b4a95d,43
45a36938c,50
6e7b662f3,102
0bb20e5d8,53
2f75192e2,0
ac3ed3cb8,67
926ed805c,7
410641125,35
c43ae531d,103
88735317f,46
346d6fc1c,43
ad77c781f,61
a7bff7fab,67
ee23e898a,103
72d1bf434,34
bda439192,50
2b1ceb24c,81
b6a36c182,67
3406f987f,54
df76ddfcc,2
4fb19aefd,82
8a5e6e01a,7
20b4cff1d,87
e69a97f86,47
7f5d5cb8f,13
57a59f1ae,4
2669b2dde,75
110f7428e,49
729ac5e06,13
a5d301249,74
c3222a379,59
4ba73aa49,4
3da1159fc,94
1e26604ea,21
56c86b9c0,4
059ee98dd,10
8b0aa3f7a,45
b7ad7d574,103
a12ca9636,90
985c8a491,23
3ad3208cd,103
155fda1aa,0
11bc7f078,30
05ef686b7,102
08c71ca8f,10
3294a097e,13
498c0b419,73
85312fab3,14
567e64f51,16
04bc5ff61,67
e69ddc9c5,56
34f820893,41
c425cd871,59
439c8664a,86
2e78d7d23,24
1dbaa5744,13
d5b91872e,90
26d9a1072,68
46d095eda,47
be1b79939,4
5a11b89db,68
d23336d37,79
78b988645,43
e696c6605,13
e43b134a9,59
dd102e397,103
20048b328,18
abf65b6e6,90
85f3749ca,4
9d8d9607d,53
5b9abdbc8,86
90a369187,0
9c1ca344c,80
ffed2a555,65
c964a7aa9,49
618ad631e,38
9a863b9ee,10
dd88fcaa1,53
fdc6bab48,48
2f1f2d1d0,103
270665eaa,67
4bd5d4982,52
10c568a02,89
1bf635fcd,103
23a39f766,84
07565a412,1
ce6096353,65
69a2f544d,88
95e3375ca,103
0ed9ee6bb,67
7db868b36,82
c8d684975,29
58ffca855,73
6a1f788d6,10
1f411d101,86
dc405fd04,5
5245d1288,70
0e4cdf053,12
f88f94471,77
f38eac7db,67
08d076fb7,75
6f3f4d188,67
f1c7db9eb,75
6b57e5a58,103
44d707daf,14
887fb3ff6,103
92da88798,73
c8c92b3d1,49
8de4ec677,102
64f0cfc26,64
ec07ab0f1,30
8fd2c007f,14
7afcf9660,103
ef7856a23,103
d853b843c,41
cda807af3,4
03536aa93,62
8b0062584,43
28462ed13,14
7cc60fb22,13
bb5a3fd92,7
dd33d59f9,13
1ac65f43b,47
e881c39e6,41
aa016ddfe,4
f00ba69b7,28
111581957,9
817ab4ca5,50
9a1d5df73,103
77a987385,80
95d50723d,28
34d736b06,4
8e6d1a140,90
fdf7c8fe5,49
e69b66458,23
baf87d0e3,63
e16606faf,59
679f13cfe,53
924218498,53
e44de523d,86
58879de83,69
87a37b4cd,47
4bf1812c6,67
ad62f8d41,53
b8fd3b2f7,75
9fd265646,28
f7eede84e,78
ada310267,13
ea16b16c6,68
7da20ceb0,62
7b89cf590,4
c4a376520,93
3239f2f66,93
8a8fae985,72
beb9f80e6,103
6bff70a64,30
366fd6686,66
2d54b796a,78
57af706df,45
8664c38e5,21
c80ef2e31,80
9000b5760,69
f2c6cb2b4,102
8ed239a08,62
f468cfed1,67
f1495d941,67
93b754b97,67
80abd878b,102
052e7f031,67
9d375712a,55
bd4f8c863,82
2d10d39ba,67
081ee9650,102
087d3bbf0,13
97b3e2eb1,16
a12ed8ec5,50
98bb92c1e,67
9d7b004b2,85
83e64f32f,46
1f750d4e6,75
1a5e9517f,90
038c1315b,71
894696267,67
f92ea03e2,64
6a1a8e17d,52
6366d7061,90
ba49d2dda,102
24cc36b04,96
fda794abb,81
8776e1949,49
4f87dd5ae,83
d1292ab63,73
eba77622f,71
b25c080d9,102
88fdcd071,21
a63f52d9e,48
6318d6cfc,103
1d51372a8,95
5d1259367,42
1c7354786,51
55c59324a,4
c85a1d564,25
8e92c9811,81
28ee705b7,74
314dd31b2,83
d14a0c9d2,4
2af4172c7,56
f2419f856,49
e2e96c56a,86
afd01aca5,43
6f12632ac,9
6f88cabe1,80
6b3b8d49b,57
0f40f447a,7
b9ff3b500,88
5345fc847,103
40b3c6e51,96
1b4a28bcb,48
6aa485643,103
a959c7034,14
4630fb885,103
6d7138997,0
0aaa84d90,0
ed0b0e088,39
e3c6e720d,14
392019a2c,4
e752f8dfa,67
d9924befc,83
b07bb0c22,4
6f0d8372e,82
ebb1d9137,102
3e7ae2503,4
24ca41300,5
fb5b6c2e7,97
4ffc57a98,71
35e87cd85,52
547815be0,45
aeefaa66b,97
f69023f40,103
d829aea86,49
fd704758e,103
d782603ae,62
40752b008,103
9a1e64ece,24
9ebc88cdc,4
9199afd98,12
855c94fc9,73
c3c540406,14
a430b437c,4
9419289bd,75
e2c4e9c91,27
385bb724a,102
dd4cb3fbf,39
6a8422b82,61
b57f26c3b,73
2bf04d18b,71
961163819,103
aec93bbc4,53
ecdb603e1,68
99caeeea3,86
ae8e8b50a,49
334df9a32,13
ac73af09f,1
1abc6d06e,73
ac32140ca,15
c1390c263,53
934072bf5,53
1be394776,49
7eb988267,73
10bd19c33,69
9cffa1c67,88
aa6a6c73d,83
945155e8b,13
2cd58674e,62
5a7f69e51,90
8f8ba278f,102
bb88f386b,62
e758b0185,13
b8ff15213,91
1f2621b4c,5
9de01514f,0
2ea467d26,73
08bee6dbf,93
407df102a,40
8693ef6b1,5
24ee77db7,48
4ea0a3352,4
3665f35e2,65
75a50917b,48
6e3716497,30
9416364da,49
630d3e7b9,4
9e46889f9,102
de8fd4020,93
9a33c631b,4
b3cf1a86f,90
50a98363f,75
55dff9997,79
d5400cc1e,100
630ddb37f,75
cb59a4824,67
afa2ae498,9
5567bcd26,49
02378eeef,50
b106e1623,90
dc77fccc8,7
96cc54a3b,103
4165e5bec,5
9677be74b,67
470847079,76
bd3bf8f16,72
690f47487,103
33b3a9955,4
4a349dc90,103
ce824d546,76
53a6ecdc4,56
7f3e45975,36
1d8ca740a,17
90956475c,50
537f040bd,4
70f9d13b9,103
f7fd08c1a,95
6de9b2572,45
0354bcfbb,67
2c0fac807,8
f2ef2873a,43
91a2ba8ab,94
30c74817b,91
ec357f612,68
35c0567f1,0
c1f89f237,49
847ffdf2c,41
31ad8f4ab,87
68039396c,75
7afc693b8,98
640bd467f,103
597beba89,10
ad9aa2ae2,88
509965df0,48
209b4da16,4
19d5edc51,51
5628f5deb,96
d92df455f,102
37377ab6b,53
1f631a7a8,79
b7ad587a2,54
5f4162c42,0
f8326b046,18
fa19200be,34
fe3642b3d,48
c1435ebc0,81
8f2f9d451,45
6449727d1,61
b99ddd49b,45
c0ebfe98e,24
85e1dd858,53
9a2fe7b99,67
af7eab8ce,64
280b71230,49
6e1842cc3,75
b95364dd0,13
25079853b,48
e8226fb9c,47
629436111,76
8571d6622,102
adacbebc1,90
534764190,103
07f10b39f,70
54a1667e9,21
1e9cf8264,16
3e17385dc,68
157be3bb4,52
f4c3dcb09,103
a8ae0ccc3,31
8fc79c991,49
6abdbbd7d,68
69040ec2c,48
ee9242d3c,77
7edbf1ca8,71
4580f61bb,19
cc4399647,0
0dda08338,0
18ad828b7,69
0721c0bc0,53
51e3f656c,40
4afd54574,43
20e92f82d,83
cc99ce5cc,0
bc707c021,86
75906e681,73
3aa210981,25
817066a16,4
03edb6308,71
6daf9a7d6,73
9a9255c3d,14
6348a7b61,67
872eafd2e,94
ca19d9909,73
ee578c08e,103
e9483b3b2,73
625ea352f,19
9556bf430,83
7f01686f7,73
10acd2f2c,73
b8fbf9eca,42
bad8d3e9f,53
dd33bfef9,72
48e65f113,53
94269c190,73
b7a815e07,95
1c88f1550,67
ab35917f7,67
a9cb1cf8a,18
78d30851d,72
c63427eb2,99
db04d5ac6,103
dba16733f,24
75dbc2c81,69
488cd2512,95
ce6b9b704,4
012e26395,50
730d2b0f4,67
69e5888fb,73
0dbbde2b4,75
2c6c478d1,67
27d271279,4
9617ba69c,103
37dea321a,80
6575f6563,73
1f8e21c54,49
04758b7d2,56
9fc9b533d,67
e70be746d,67
8919d694f,102
42f1496d8,4
367f31c9f,67
9e006b3d6,103
2476c4270,9
9090142e8,72
724560f8b,48
b09f6318c,91
1a25cc01e,49
c010973b8,89
086fcc48c,70
e2fdce920,4
5e6e5030a,56
0aebb315e,86
bea291a1b,27
0556575d8,29
e39fc5430,36
47499b166,52
10c508f77,73
1e8175d27,17
0aeacb28f,4
d7c938976,100
7cff9aa7b,53
f18412796,0
0c076890a,75
46017b3ea,4
90bb2bf7c,81
5d3d71c05,14
8bcc6b0a2,73
6c8eb5daa,49
88d492231,0
9e7a1bca6,70
563f7b16f,0
64dfb8137,74
60e8a1d83,63
56317c242,35
6d260c2c4,70
143b75258,21
8e8f25c31,87
7c23c9246,70
a20b98b33,53
d14901985,4
deb571149,43
807ae65c5,47
e42b8cc4b,59
5e2f03974,85
f99cc22d6,96
3b58e0b0b,14
735b3631b,95
bf7e00572,4
f553000bb,49
5f3773437,71
42f3a0c03,13
6ef97d18a,76
492569251,88
ba635bb61,9
78c58095d,4
5eb03fbd3,67
6aae558ae,80
0875c4f20,88
aab7f897d,75
8e681fe39,28
019df649f,32
cffa0410e,53
d50341097,70
9deaf95b1,89
39df767ca,86
645e6c963,64
2382c277f,75
7abf68943,67
b104b01c3,9
d228d4fca,72
cdfa5a4b8,74
57ff5b255,47
75bbc4353,4
61d0998a4,48
03f8a7638,48
d314c03fd,47
7fcbcdc02,5
8d1bc9b54,18
3c525cead,72
5a2c8645d,52
b5a739d1d,67
afc49f312,46
a13259e0d,46
bdf131dae,59
ebd745005,13
b0bde1b03,61
3f5c2bb22,16
abe2e74a6,78
f796dac32,51
4746340a1,75
0313b9d4d,81
5b3de280c,81
f9acd27a7,4
749b744a4,47
fbc1f1f89,49
1dc077696,29
260517e44,71
af51f29c8,65
5cc793cd8,71
52378ff5a,68
e53134336,67
0a71ab4c3,50
c3a60c66b,72
ef21b581b,70
282e04df1,46
cd6748273,86
59c2eeeb0,53
95a484b75,66
e6223db31,7
2cba09f03,70
994db92ae,25
cad0e063f,73
6601f2903,68
88e754f35,41
e72c5d3a9,71
c9a7eae13,74
a94c4d821,80
2fa4ca1db,102
82c3b7f7b,10
fa434878b,56
d66f375db,95
dd613b9f2,76
f9b4d0e4a,12
0094a72e4,52
9be084d41,21
69a3de639,76
a7756b411,53
0a383f1bb,47
0abb8d338,56
1c63f50d1,49
83f7c30e9,67
e2567b48c,50
c09ec978c,103
8e390cb4a,16
627e5cd5a,19
74bcea93f,67
5a83e84af,76
d1196d6ef,49
5998b063c,68
2e8a14696,53
077e33f0c,89
6cc34f6c3,46
fef2b59d5,103
e799e6e75,4
cdb8be610,4
fcb500296,102
001e13533,41
17118cb89,13
4bfdc5664,103
2c6e87c72,94
18414db75,14
33aacd395,47
f0e0f2a32,101
ec6b3bff4,52
f7da480ea,53
a5a71637f,68
233db9b4b,10
a2d5f3e8b,72
3353b9bda,17
37cb79b63,103
8ba970109,98
b3c636639,103
978d9e4ce,18
25f594d35,48
dd7ae60d1,55
6bfc6b8f6,71
8e66ce122,62
adadd8f7c,80
58bb4ddb2,67
2957381ac,13
1d145016f,0
0cd2a25e5,76
fc836e711,4
ea0d2354f,46
d15a4d94c,49
adb78b73b,48
f5d022470,55
c5d9914cb,49
201a74da3,27
c0e0640c6,51
e028101c5,14
61ef56738,71
4fc561f03,62
3f3280fd7,67
93178e5ac,48
c29915daf,51
a05706206,7
e0fe7e2d0,53
b631d859f,31
07803a6a2,62
b52d8f0a2,47
bfefa1d73,43
707760045,37
44fc90316,14
67a3ff9db,90
34302ff94,4
78235a81d,43
b70f99706,36
5cc548c43,67
536be8fe7,88
2aba48b93,83
9a3f6c785,74
e60c3bf54,103
e7661164a,103
70498b302,82
355abfa16,49
16b00a5d5,53
c4727766b,4
dfbb8c112,90
ec33a58aa,47
af8f1a4cb,80
a16eb5fa0,103
fef9f8524,78
22be03235,47
e2372e47a,54
1f65738b8,51
45bd6ecd8,101
edbb2c2f5,48
7315d2e99,82
9f0f27251,102
3d199ab7c,33
a0add49a2,13
343a80f91,27
b8612fa45,67
f2db90ee7,103
85bde49f1,58
2a8131dc4,18
aad6bc2bb,78
8361e9b86,91
d12204c77,20
651a0b6cf,52
afe70f1d8,87
cc7981c1e,49
9009c7887,80
404661213,46
097dde704,63
9b353319d,73
b9ba7799e,13
f9dcd69e3,67
4e65f53bb,13
7163520df,83
9040a1e5f,96
656a556b0,80
8d4368f5c,0
57c274565,67
7777e7e44,52
025c07b54,51
72d528c13,39
057112f09,103
0308348b8,14
317d04297,22
a45f859f5,87
a9c9495ff,81
3920794fb,51
d08960735,73
1c30e72d1,73
4dc902039,103
5fc2cecce,86
8a9b13bef,13
e469820b2,73
9980474e3,49
a9cfe91af,79
909e04f8d,67
8918114fb,10
101551fbc,96
441f60624,93
9e4e812df,5
d8749b8dc,90
55e0035e3,50
813ba4348,28
0ef6541f9,32
3b932fbd0,95
04d9215b3,4
6da191d02,53
99d0b77f9,93
d81fb8241,102
a534b0f16,86
fb094c9bc,81
e1499d78e,14
56a02070d,50
4b86a4171,67
734fc53fb,46
625a9dbf0,102
6b8989275,103
c8c7e71fb,95
7c9f01509,4
c8bff789b,36
ff9c8d8ee,14
95b5120db,47
abf89f144,82
805f78d97,82
0d4b7df42,71
450dd240e,94
a1eee5a29,72
785e7d196,49
630773b7f,69
f67795cc5,72
eb92d9778,17
eef64c945,93
c54d38d9e,94
b605cac2f,88
311799a0e,48
e269805f6,76
f3c989c3c,26
ecf751fe5,50
7263dccaf,13
84b6560ee,25
f8b20dc7f,49
e7b039312,88
88a7e7bcc,88
4f6762363,0
057d2b6d4,58
24ef54ca8,13
392d4f5ab,77
caa9982e3,69
c08671252,28
cdbac498f,103
4575d8130,103
52171b028,73
7be31a9a0,0
a91e7f455,59
9290d73a1,67
ccefc605e,30
eab53f47e,69
cecb3fe1c,75
147c34f21,39
e36cefcc1,102
9174ed35c,50
cb22250ca,79
51f607616,14
64144b5a7,80
c548ffbe8,4
b91c00f4b,102
c96b560a3,47
4e1eb807f,36
067c659b5,103
78ccf47e4,49
bd6ee4ac7,47
c90849e35,75
6ad636b14,7
9403b3f86,68
ab06cb3c9,1
d85f2a17a,8
9efbbd641,68
4a9e8f7f7,68
b6eb04bf0,71
9d7baffae,4
4fa678f28,51
9aa3662af,13
8556f75dd,101
e7d33e06f,79
f62d1e472,50
0fccb02fa,74
0aa405eec,67
5db83d658,103
97a476deb,48
014809654,93
dba8e8e9b,85
bd35bb1c3,73
330ca12c5,94
fe6da2049,29
74aaa5e78,5
465acfa7f,103
ea41e95b3,40
74ee51f2f,67
088b35ed1,75
01c00d9c8,53
0a117eab6,39
2a459a0aa,87
322b5e989,49
a5566ef23,53
61486eb05,60
5bc0988c2,9
ecaaa5ac1,49
5c54f01e3,80
498de5a90,47
cc16ab1ba,97
a2e48b4b8,63
e1d48d997,49
ef8f495c8,67
cea4d818e,73
464b2b309,53
8695f4633,53
6abbdbbe4,76
dd0839e53,53
f55caa50e,12
c6e5bc142,67
329581d4d,80
e3fc821ef,84
94bd779c3,62
3fbe83f91,53
3dff55658,81
8b5aa768a,61
6802325de,17
0ab78aa76,48
54dc06c7d,46
284bb203a,45
cf9cf9368,72
61f3da6ae,55
c931dc74c,88
8904c358d,48
7405dd1d5,13
bc08f60aa,49
b87e16bc0,103
b731c25d6,57
6d61341a8,75
0313e231a,47
805d8722f,80
45c23ce20,86
61547bf69,103
bcd277266,4
b17ebaed0,79
0251a7082,4
6e60eef45,67
0ce7adbea,39
fa1a492ed,5
50ff8f2d0,21
cd6fb957b,80
6a69a6ae1,73
d8437a7f7,89
a07779d6c,49
d637980a2,45
3aa882bbe,103
29f49cd83,82
f3a8be142,35
310f07ff4,49
8876c6402,13
1513105d2,68
b382faa85,42
5e76ba18f,69
8fe41c548,48
2f2b2a1f9,95
db86084d1,64
0dc26fe1b,47
ae78a484f,103
981396649,49
d8f1c6f49,72
a0e82c1b1,100
5255b9b6c,26
b84a40e10,39
c7acfdba4,53
1a0d4b775,4
0cc1eccf5,5
b64db46f3,67
0b75f1f48,14
3d9c51d3d,53
1b426a50d,0
6036f3641,95
da9de3c05,77
b299b2022,67
71d454f1c,103
85c2ca274,51
be007fe7e,78
1b0a08a16,77
7748f8039,103
3cf28a050,79
8168ee82a,22
57f7948f4,63
f04b99dcf,73
bc9873f0c,41
8c7a3ac06,56
9067fb1fe,35
1600cce78,45
0a63cce73,103
288feaf8f,67
d4c0f8a5a,67
2ec1937d2,0
f7019798c,94
5a5cc97ec,19
3e1727f79,73
36c544e98,4
2c9e28482,79
7cae1c547,55
5ed355568,82
4b9e61e38,28
cf3bba4c2,101
226a4258e,41
a2ca3206f,48
d9d483387,0
9f80ffecd,41
7d2140905,47
73633e6bf,82
5083ce580,37
b738a5ab0,90
fdaf286c6,14
ffe68f250,44
875510d5c,67
923e37397,81
e3fb7b8e0,10
700cfcbd2,69
7547be627,49
903d6d1ee,46
2013e7b99,10
687997bb5,91
9dfd91c6f,67
a6bda1044,32
786172ac6,48
ffb840ebc,103
f7fe0d522,14
931b0b249,94
a82ca5b13,12
cdf877752,53
58f68539c,54
d78b3b629,83
cc446554a,102
17c8dae41,72
0aa1d9c98,69
0f9da9757,67
13452bf5e,7
3569ab6df,41
71c31d4be,4
7257ec39b,75
f16b615a7,62
8ec1ab770,103
d970c4ffc,24
d35565c6c,4
fd3fb66f0,103
519f5b078,75
3b79d913d,73
bfe43d44a,12
fd311eab7,103
a0ea70e97,28
d2dc32c18,95
a15f2da3a,44
d4f431dda,78
c41a4be65,75
0e7c4c272,57
1e793aadc,4
2bc4dc850,72
fa7866999,48
f62c0973f,67
6fc119103,103
3d6f46c76,16
096e3e1fd,87
8182d588d,7
854453303,53
d90f33907,87
9372a8558,80
e283e73fc,67
2e9790332,18
9a9c151f2,4
c779948c7,93
1c074bd0f,67
599713c6f,91
97ddeaac9,93
52dc12639,17
7e8d0ab34,48
7725cb554,23
3d5479aca,46
918ea59ba,73
a51dbb7c5,51
a41d29902,103
4a608f8ad,49
8a81cba04,48
ec9d1154a,74
754250691,72
6c1a05ed1,93
8b23979a5,63
a7f5360e0,4
79272fffe,74
27f69132b,3
3ae3126c9,67
070a1abea,49
f0727012b,83
a76840623,48
3076e7608,7
dfff0c929,76
0d48d68af,95
065c9b5be,59
48d8779bd,94
f0a786428,0
ee053208c,43
4cc87897b,95
0476b626a,15
d753dc261,7
4b8a4a3da,14
65b44f1fd,25
8a5353b56,67
e68152d61,4
7b53e5791,67
29ee6d680,53
5cdbf8228,88
77ad23821,87
0e538051c,4
e2aef08ca,4
f9c4254e7,14
47ac366b7,39
05071bc4f,73
ccf5f3de8,64
d02a2fd8f,103
701d4ac2f,24
d665d6a8c,80
760d22629,79
4191e9966,75
c93150ab0,88
ce5af8fc3,25
7514c8182,49
b632c0a2e,28
96b2a73ec,13
856717f8b,4
4134d5714,81
19a795eab,42
3303a56a6,45
9ddb372cd,74
9f69713aa,5
5b1353d71,68
0497c3265,39
c1f7fad28,53
49f2b41a5,56
576f07382,86
6bc2469f2,73
aaab6a867,47
b5eb21e9c,68
adc3d214d,33
61f237fa5,50
121fbeff6,81
08ffacb06,50
087a71f75,45
bca8bf0d5,13
e0a96117b,67
7a011cb30,75
ce6b42efc,53
fe1857f3f,43
361e308e0,76
b71543e42,48
a67769dd9,95
656851f72,103
dd9cf65da,0
f80f02286,73
c2d0ff1e1,4
b5fd782ee,28
064d949d6,44
d0007cc98,13
1101a003d,29
cd20c00da,64
98cd24c97,4
25691eb59,28
fa05f57cd,4
778808485,33
cb9adc4aa,103
60a40c037,49
56a33cbaa,49
c6c801e09,67
13d3c108e,77
13fff11ed,70
6760a8b60,59
53a05f5ad,13
bf195e5c1,48
ac869f858,15
aa85a14bc,71
6c5cbbdf4,49
8925b37f8,67
9b8345ded,0
6bc102ec4,81
9c1a396f9,87
9ada0d093,93
498d46ee2,86
de8795ddd,46
ff2e1b825,103
34cc8d691,30
ad494795d,9
1b2d48186,16
b2d9ede68,73
9d96a6d82,53
3dd834459,11
9d388b6f4,4
a086b2043,12
b909b96d7,43
aa9279a0d,103
62d2aaf89,72
8175828ef,47
bcb18c6e4,103
666f4d363,48
fb7d17d79,14
22b20a20f,7
e93da9242,12
e26d85d35,67
ee2ee5186,87
74b98cfd0,68
42cc20908,50
fc70a3b37,84
72b388c16,48
75c1b1a9f,68
1f42a9439,74
3ceb3dfc0,88
033c8773d,86
9edb00dfd,49
c762253a3,49
353d4bd0e,76
9ea847197,77
99b639774,72
46241640f,67
dc8dc1ad0,103
3dba87b2f,102
86afbe278,49
8b7a73f76,45
9e9dda9fe,72
4347196c6,83
51ccfb7c4,82
af8b9e043,86
662f45b2d,4
61f07f2d3,48
b6fbcbacb,53
504ce2b94,4
7d5d89bf4,91
76809aa23,11
8b31b6453,102
c77e635e6,13
f6d873abc,16
e57ba8f31,8
a4a05f743,73
1134b4a4b,102
fc601ec84,86
57cdc3f59,90
6504eee67,4
7e25fdd6e,96
06c56276e,17
8ad63bcf2,71
9b444719b,102
e3542e88d,53
f67596886,103
ee2fd195b,75
23c567b03,93
0befbdd9e,94
74bec8798,103
4b57c7aaa,73
d0661be31,82
e21d2982a,88
1e155978a,103
67b85d53e,45
58e9042e0,29
bcebc0b3a,49
a599e44b9,14
2984c04e1,8
db789a901,4
f69e60044,4
e267693a6,30
15c1eb33a,45
42090e3bb,77
b05b5e5ed,22
fd3bba010,62
95f734b2e,53
1c64ecac8,69
14519334a,79
5752ad3e2,40
ecd73311b,4
ab1d26187,21
18fba1554,52
184b78ad0,67
9015e43c5,68
1fe55a939,12
8f04c2207,30
0119427db,17
8515fa3ea,43
99e7f0526,14
7484473e0,87
8cccd4aa7,4
040684077,41
200cac2fd,47
5287898d3,25
0e5e79e60,11
36a930b87,80
3d17ca258,91
514b8d03b,80
ae9a70845,83
048fe3ca8,75
5fbdf775d,49
38765c6bd,103
f6c766f77,57
e9fc9a217,47
546ea2a87,67
cffa6d1a4,103
9af5f572d,9
80d468ca4,73
5e0e038e0,73
f1f288bd8,97
5934fec49,13
bfd8234f6,45
4ec8b55c7,64
abea787cb,75
eaeacfabd,82
c515db368,48
88c6b5f1d,102
67ecf7563,73
73acd2065,18
64e5e148e,67
1f673a775,21
b811b25c9,29
12d007adc,91
8d9213283,72
794b67c42,93
4a6513e63,49
510743b2b,39
42a9682a8,24
d146e8595,5
7300f20e6,48
73749e7e2,53
a334e573b,101
2f29a2a9c,73
7f4a2f594,13
ca2f4b9ce,4
11f448738,63
23052c6f1,77
bb15fd515,4
16ad94559,73
8dbc94744,41
b9f422445,13
3a44b1b54,68
8024a233d,14
ca3dd51e6,48
cf68a6af8,15
1867b3487,65
cc3b595bc,70
d59fc6634,91
43df50ed0,86
6b1551121,101
096df77da,49
39236fa60,75
ba23c645d,45
ce1019f58,53
f63a9b6fa,52
f441c7185,28
167bb4270,28
f90f6d589,103
4fa22a6e4,64
2f36a9903,49
caa580f63,3
6a3ce1e4f,0
57d3813ab,0
c080ec831,45
5fedd16b9,4
c2b8d96b7,4
6ebd051c0,5
dbed4d8d3,13
4fe7886e1,50
cc0e98f9c,91
debf90490,4
7e6854001,49
14b62edb7,103
e9cf75605,103
4bb5a49ca,36
2c8b6d457,93
431dab6d7,94
fe80ea2ff,29
6e93d8d18,49
e0f2a0864,103
ddb556ab6,88
7ebeaec30,87
a6732ac2e,48
25b1a1971,14
116dfb5a5,55
d83d3fbab,90
444a5e9fe,75
5fa624040,67
37aab2807,4
30df475fe,103
063528d00,36
a8428cf05,73
ccbe77cf0,73
085ed175a,77
1037cd266,53
dcb79c93a,73
7c2d22784,43
385906707,48
4ce386ab0,14
114d128ca,48
ddfb8f27b,34
1691d45e6,59
ec55c0f86,4
981687c64,81
455ebacb0,95
ff37e4d13,5
5924c5e47,33
be9d52ef0,82
fcac5a7e5,20
6dfa10ee9,36
491a37339,16
3232d6f56,13
61b28f8bc,64
f6f3f541d,91
ac28e9c47,76
46f84af18,98
3c98993ff,102
026d4082b,94
7cb5e6b99,50
71273ba15,75
117551743,87
f229ebf45,80
09a438bae,9
78a777eeb,35
3df11cf29,49
dbc79f0f4,68
80ec46d31,49
afbdbbf2b,48
ec3f90c05,67
21d31d208,48
c19d02d04,67
dd331079f,68
611876e26,30
4fdd76274,4
358cb6a28,95
8d2997526,91
a20b7d9fa,68
53d90c2cf,72
b79cf00ff,69
88f8cca3a,53
9c158e3c6,103
0be01212b,95
40fe28512,82
a3c091760,57
bd439cf5e,53
c3f6cd0e0,28
31a7d4530,48
0240a9430,0
15bbc7306,103
a2fcedaf7,14
f638a96fd,54
352a2c45f,82
103a5633a,102
20be2b5b5,55
f91c76038,53
d8d27a914,4
db63379e2,83
6eefb96f0,40
6ecd0b17f,47
9c8dc2ba1,34
fd88bb2c5,68
656f4c5dd,77
440128919,68
1557e4b6e,102
26cf9ecfe,73
62e32ec91,0
2e0dbcfbb,71
5681077fa,49
35975d1ab,30
64c056f47,53
2ffc025ec,14
e95556293,85
b5253f91a,47
7600dbd87,2
fc7362a16,67
e8978b192,0
9f5e5ec3f,68
98e101a61,13
532160a43,60
fb7984b64,89
06631da4c,75
ed8c3c3f8,34
b24b4ecc1,96
43ac410fd,75
e6b713626,4
ef40d788a,68
1e954dd4c,21
fd53118ce,38
3776f98a8,84
603490d95,66
1461713ad,4
7f5e3f4d8,74
df8c1c48b,56
d4c65214c,76
35c39adf1,40
30b7ec090,98
738116e15,41
7dc69b4eb,30
3c425da53,14
5184d47b8,41
8d6e9cd06,93
b260d939d,53
d29cd9c2a,0
69ca9a78b,13
3debf4070,14
d00342c5d,13
e394b0931,76
8b01cbd62,4
9b7918a64,94
36c7c4a64,71
2d3c0a80b,103
31a00d007,28
24526b077,29
b7c137651,64
41a9e2617,4
a0f7fea74,64
bd401fd21,103
8e90cbc5e,83
a3355967c,48
5c88d781e,68
0b25964e1,4
21ea59543,45
058cebd78,49
6c925a18a,89
fee9f7c67,49
b080d20f2,103
49b354ce4,13
de23c5486,86
8e07cbf1b,78
c4d436848,93
55da8e5b5,6
dfb75caba,5
d9cb87ad0,64
a2b22b6cf,48
8ab688113,75
f77e765b4,14
e7d7fec7d,59
f6fe43282,5
40233a112,88
256e89fc6,85
73b47d713,103
3680129ae,101
92d8c290d,67
3d814b28f,49
7adb142c5,49
07ccfbc89,53
47664da16,73
d1b3aaf63,86
556f2c5c6,102
18c42b6b8,4
c9ae3ceea,50
acc5f6c4f,44
376134aea,49
ae05e03cd,79
3b0daf5b9,103
82f95de55,67
8eed96f65,0
dd9f61326,48
1327f9bd0,53
2a99b0118,67
8d60b7464,49
a0c7302d1,87
00450d304,46
25e91d523,78
5f91412c9,1
67b0d01ea,49
aaa8e6d3d,70
0b982469b,49
f10545931,35
6485978a5,53
1fb1edaca,103
c2a609ae7,103
97ccf888c,103
258ff457c,102
ac1c8b1a1,9
dabb82074,48
a31b18ea9,19
1eba038ad,80
0db5748ed,4
7894b3f5a,15
ecadeb0a2,86
9989acdc6,103
e8aba010f,74
c46f7eba8,18
891e42a88,52
eaf6fbc84,31
e1da2a9a7,12
fc2199013,7
96109449d,8
459d3299b,4
fc6fa6753,62
4e19a3a2f,65
413305146,10
a7caedcb0,39
025960a54,79
acaf761d0,73
b46f208b1,83
6a8de3c09,90
a01133fe3,10
9cd8464ef,94
cb82723d1,103
0edbc1625,4
6463c47d1,53
a8ec16428,102
7698bb454,17
d278a4f7a,49
09c8ebae3,22
a36120551,48
0623719c0,4
92673a9aa,4
aee5c9b93,47
3625c81e9,67
2ecf2e9de,67
8fb591dd9,25
9dac30b0c,103
306cd2f2b,57
4c25aa614,13
4a99afdbb,16
fd33eec2e,80
801b2e0b5,38
ee40fc4e5,75
d4ab600c2,10
dde8d3397,49
b688ee356,76
8a1f6d193,82
8128b8af9,48
01262c8b3,67
5826bc1ee,29
6d16c986c,67
301315f25,47
1fa6772be,103
d4bd9703f,69
1e3e2da00,18
f73820e9d,79
68a81ce4f,18
2c2ffb258,79
7d0e7bbd2,71
bd3464591,79
7b46c52c3,73
4156a2861,76
79c5126ce,4
8a8eefe09,67
fb85ca687,67
48c00c048,102
64a00a8a1,67
71149a63d,67
6a273ddf9,68
40da3a46b,0
7bae0ab5e,76
19466d61e,53
841a4bd7b,72
75b41a741,38
e1f685853,73
82d5f6620,68
92cf1594a,75
3d44a717d,57
43e458e40,67
ce6303fec,52
efd7dff01,50
6229791d1,103
c0ecf5eb5,75
a0301d0e5,68
8a66bd5fb,48
7d5126c94,75
9bef7aa96,95
ddb15721b,48
cf1fb187a,8
0feb4e2ef,10
a3d8cc563,33
4cd75e21f,45
564564fa1,71
54a9c9512,14
66f455e67,53
aa560af38,103
70ef6d8bc,57
2545ad929,42
29d5a8bd5,103
d495d29df,89
7012b4533,91
af181a2a3,10
5ed174c75,96
efcc34447,48
6025abd59,95
357b3b1d3,58
6eb8b8e84,13
2a5df761d,76
1c946e0a0,24
6821046ee,103
2e1a7e4a8,71
9ed2586ca,4
916ee9985,13
02434c828,41
5d238f402,103
405bb5363,103
4787424e6,5
7eb08a18d,73
564a0856d,5
9d3360932,9
a2b4482dc,45
da4c0be52,68
61ceb0f5b,94
0045ce94c,67
8fdb0b741,50
e291c8794,73
763b49b1c,3
a64d32c6a,103
d482c8cf2,29
1711fd57d,68
2395c9740,49
515ccfe7d,13
3901d45a9,103
c76daa7f8,7
4f2196c72,86
ae6ab4563,14
464b3976a,52
8960bdc5f,82
711216a77,94
028852549,102
78c02c2f5,49
d92a98c89,53
738989c7d,14
a10a0b280,47
285e0bc7e,0
77a6613b2,77
6cf4b47c1,76
57b90f0d7,76
84b9be4d6,103
435326c89,103
e8d0e382a,90
8afd1d330,47
e0a576d7f,10
4ca32d7d8,66
af4d8f92b,83
92debc194,86
3c5f0c3b4,13
6395b130e,13
7d04df1ca,94
3d95467fe,88
fe7857419,86
6c3ecb861,14
1b0684dc7,4
5c9aadf3b,73
cfcd57260,69
f86503c22,67
30f515f27,0
b8f76869d,95
35b66a46d,76
59b2a320d,93
1ca3b1ec9,67
77fbaf59a,64
2655440a4,4
1ee86a298,48
9244f8d54,86
b145790f2,0
004b88e09,95
34c4cf37e,35
8d6118759,73
bdbec7ef5,86
70077ecb9,56
b0ddbab02,99
04a069392,75
d8f8bccc5,53
3be948614,7
5dcad39ff,102
f35bba490,17
b0f2342ea,86
62e5874bf,14
a3500e94e,49
97808297d,24
e9a2109c0,53
a9f0935ed,49
abddbf3d0,4
02d70ed11,7
be75bee29,47
c7d865058,48
974d0a175,60
dc39aab6e,55
4cacbf1fc,87
f6e02f90d,34
d56f1eaf5,38
d3d08e737,32
818253773,94
755794886,48
411394fae,67
337ffc67f,82
7593bf7d9,103
62728ae3b,73
5d796ff7a,48
715656abf,75
f9096c83a,103
71c57f5bf,70
f10187efa,49
0713eb9a5,53
e64905c2f,31
d1a2458d7,67
f1641e325,47
318d049f2,49
6022f99db,21
17d0be640,75
ebc612beb,87
dfceb73a0,8
09adc5faa,90
197830e87,67
dafe76eea,93
97cf2d9a6,103
21191d2da,73
2cb6d8130,67
74837e719,90
0d558f91e,67
269d88554,25
66df2d548,67
a46582e86,81
7fad74e0f,11
2a69fa3a2,35
b9811a813,96
4e4c57892,21
99e810fa8,95
1314201bc,53
53622739f,72
b882b8bd8,103
4c039d563,103
0dce2cb5c,16
b37712a07,14
8b86c4635,48
bee47a94b,67
b108950de,47
2dc55fb57,68
8b7fbfa1a,0
9011dddde,82
496bb2adb,49
ea072301c,63
ce97c8026,32
974a99cd3,53
787578be9,82
57b0ac4e3,41
97947bb82,49
50749d154,9
a29695033,48
a030b3e71,103
2c2f59092,99
6bcdb2495,81
38477b2a2,53
a62dba9de,103
760a844a4,75
6f725ddd0,21
5d0b6dc90,49
1f00c0495,68
616bbeb90,14
07d138d01,77
719a12da9,49
e925b2ba5,67
c72964068,48
6c360b751,69
8fa62ef13,103
ae61e912f,14
4cc12b820,9
6d711f23b,48
69dd8b98f,21
26ee00728,2
856a55f6b,75
8b4dab7c3,69
b10193db4,44
f337de2b3,94
4b49bfc87,82
e5eca71e3,4
4d178a6b4,73
fabc19e97,96
38b394064,60
5ff5a39ea,73
6d0419afe,26
1bbcb152a,41
b3faa4ebc,71
7dea65fa8,50
bfe670846,103
e6e68b7da,47
cd503942f,55
3d3dbb521,0
80e758118,56
1a6b89e31,48
6df282095,0
141ee85b9,10
47c4e4fce,49
a94f6dde1,72
eb66fce7b,45
b3deff050,103
fac66356f,20
edc4bea12,102
4f7f265b5,95
1c5dacd9f,69
baa258007,25
6b3c00c84,29
2103e7549,90
7a512bfa0,67
179aa8d61,45
1c08a7736,72
f38c7346b,86
26f0c457a,53
903a3ee76,45
388606357,74
adbd3dcf6,24
1a33ad4d8,56
b74047d71,85
cb225cfe6,74
3b6693e00,14
88728f169,92
73654808f,43
147d79f8a,13
5285b9c84,0
9dfc925a1,80
91ed2728b,102
b765dfa87,73
1971e15b7,49
60c0ff1b2,22
94a7c5ed2,24
08031b106,53
2690d9568,47
fd0121113,102
49c1a8313,73
7165bc7ad,19
5d59f9a69,45
f8c41bdad,91
6034d93d9,16
64dba18d7,0
5675c2ee7,50
4831ae48a,58
cbbc6e017,82
def4dc802,31
eb6dbc774,102
b82ef433b,49
3c5103dc0,103
31e5dda95,4
bea8158b9,72
057cfa1b3,75
5608c05be,67
53d9b87f7,46
33ad24008,47
4c5a20840,4
43fd926f9,50
11cd8f57a,92
dd8b1aaca,88
4d0229802,4
fea37b294,13
241a96f41,103
0a98a2179,49
a0affbd33,51
11db2e1d4,51
3a17f07b0,18
c28a33596,95
919aa404b,13
465605e5b,65
990ca8dc7,86
63bec561a,86
1a6e886f2,102
3a9b30bf8,56
be75d9856,67
8bb630662,70
5c597c7e1,79
00a7a6244,73
41af5743a,64
275fa220b,102
a195eb3f5,67
e2e81b2c4,95
91433794a,7
e12b35292,55
5bddd9a50,67
9bb756baf,103
b7aca2c8a,0
5359b52dc,14
9e60a5b0b,75
e557fab37,48
0bdbc4859,48
5382ac6d9,47
487a6f05e,9
36af4c914,4
8848222b2,83
8716d5221,77
1cb630a6e,77
cfdfb9028,91
8304d7230,49
d96c3a358,102
7cca3e7ec,4
232a50a3a,40
9e4dee17e,92
cf86bf7e0,73
d6ded3726,82
7859791b2,88
56697962e,47
a0dbd84e8,103
6c123c407,85
1caf8b7dc,64
c21cd70d4,52
1fed3b30e,81
124b3526c,32
4e7bdb1cb,95
3cf641526,0
871699e5b,49
3cade7849,14
52c27c7e0,96
88de21f46,55
3b60b5bae,72
0ce2742b7,46
6c77db7f1,103
fd25ed5d2,93
6cc8bfcf1,8
419424bb9,67
8c66b87c8,7
1fe1e5c34,94
d06adb15c,48
2c8f66cc6,48
8ccdebad5,48
8d36d1fd7,7
5e01e9489,68
b335b5bd7,67
12b630964,64
b0c17d5c1,102
f68109bb5,38
3c22e0a0e,4
44fb03a32,98
47611c7b0,14
ea86d7b46,72
70be85fb4,50
89ea4a518,51
df23921b2,8
af8f3cceb,73
ce27113a5,73
440daa96f,54
ef6a25c92,13
6e045ef23,75
5cf823995,87
1151a0d22,102
bf6653e3f,67
72e6df7f4,49
68c50e34a,4
b9eed2baf,82
daa767533,82
2939aa5df,40
71c381469,47
a1c45a1eb,76
0d69ec15a,65
f822afd0d,103
49fc70cb5,81
953076db7,67
67a4a4d91,23
bcad89a07,13
b5e238431,62
84412137d,53
ac63c6d38,29
d3cdb9655,102
25b6d41a2,67
5a078c961,94
6a6689958,15
9eeefb070,10
a4f827652,13
32863f792,4
6d7ff30b8,52
f56f35811,49
4adcfb275,53
32d710e55,78
a7fcb3749,52
f1b2738d0,17
0a90e5cb9,92
145628804,52
54d263a8d,0
ff0e67f2f,48
629160ccc,67
50a98f706,103
683e58330,53
22c98bd18,72
8cee8b405,53
f7f77acb9,91
8d44b6bfe,79
3dbd32e8f,83
f52f85873,91
1a5d9c089,103
4342207cf,67
931e94184,47
d1cfb6a0d,28
f6dfa3eaa,67
21c09e349,46
35d5521e7,53
664ab3455,21
30e82e694,29
118a60f12,86
a74852f37,0
aead648e4,61
7677ecd51,4
85c40deca,68
b3cc561cf,48
ed55bdf99,45
364e07591,37
08820c254,103
6f25bec48,43
afa405f0a,53
8d0b21b05,91
c22e3bf9f,32
cdd700dd9,51
5885a2c34,74
0be370901,48
f39ff7ba2,103
af669d8e8,103
1ef2e4de1,4
20ac1c597,46
1ffdf0d9b,62
fbceab432,10
68e8b6b9a,102
599d64d01,102
57bbb106e,49
d28fc9f29,67
6fa36a899,94
a0ebf07d0,17
10f4c026f,65
730cbd08f,73
c4e7f3aff,52
87f8091d2,49
a8338c626,102
42ec55913,55
681e2b154,93
6c4b066af,4
c52257cf9,73
19248ab83,72
6db9ae896,67
63eb884ce,54
96993f959,67
c9efb9d66,49
e8e62aa32,69
6386c2d78,0
c5ab18c87,47
034fca563,103
857a39495,103
ae4b7aec3,103
dbb2bf69b,30
96e4b2ef0,100
a0d5a99e0,53
728a12444,6
a794b05cd,103
40cec32ac,73
d9a466069,95
1ff3a322b,103
f809ac529,75
010c5d8fa,14
5d56a12d9,30
d17630e6e,48
2e494a369,70
50ae0bab4,41
94d387cd6,53
78ceb6218,53
1cdfd8172,61
2e0bc183b,87
c753eb6c0,9
b9feb1bca,93
35f0035c1,87
64088707b,30
ccde3ea45,12
627f0996d,49
c8baf7ea1,90
0e675095e,67
6be94f8cf,72
d1edcd33e,70
db95e1a99,48
8d9ce649d,73
1b8a45d4d,50
40ded13ea,4
f21ab1aa2,4
691acc46f,53
c3565844a,102
6bf3d86a6,19
f7696fbde,13
f9c5a4820,67
18ce23111,67
eb2216bf9,0
de996c4a9,67
49f22c2e5,53
3537c6c84,68
a19239dbe,75
d3777d5cb,71
f23084f4b,76
c8cacb55a,42
d81994ed2,79
99f271a51,1
4f5a0a2a6,67
b846a9ee6,101
ab78481b6,103
897a2400b,67
7c734cbb4,68
175e8c4fa,43
1b07b0a53,47
d71ba33b6,67
9ff246fe6,73
c11fb922f,18
6a1072588,51
5ec9553ea,79
9351e7281,56
b48c962e0,25
1375fd010,95
fb93c4c46,18
d70ee220d,5
4cf56a9f2,68
8745560e0,81
e8cb185dd,70
d2e838de1,47
d415cf45d,103
bbad1c1a8,39
bf9e90a5c,8
34c97f64c,2
346182497,49
ca256fab6,0
d17ef4e5e,67
4f5abe367,50
481c58d57,68
61ff4902a,4
67556ec2a,49
dd103a297,41
9a6a82b59,17
98f577627,49
ea915b13b,52
a67e861a6,2
848c7cfe9,103
b6cb0c2b8,75
12fb0107d,77
f37a76430,30
66cfc023a,8
967f27ca5,91
bc4c39336,47
b9fb466af,53
ee6971d20,48
fe214efde,75
1d762bf2b,4
8bc85ca8d,10
67eb6bb6d,67
d6cd39e5b,13
ddd24583b,80
285ff0263,48
d16bd1260,82
0f6325318,52
7f6076e29,2
3294f5eb0,24
0b8333bd9,68
911ecfaec,69
ec80c1413,67
60e283191,4
496eaacf5,59
b364a9362,14
505472dd2,48
31f2e5155,86
960b40f5f,0
b72ac95bc,22
849e05914,103
6f81b250e,29
0cec3ad84,48
03af10094,14
ea85ab37b,90
55a7e02a2,67
75e6b445c,24
0be920d76,31
82856ba28,42
e053b45c3,67
6bced57ba,4
d4e9355ef,4
bfdd4162d,76
c06c7ca88,46
da4a55d56,26
2dfc47c2c,67
8ef4a7754,82
7f0c3fad6,4
24bc9be2b,90
462a4b1f1,67
9d44bd787,4
a23d903c3,103
4abbf6ecd,67
e82201f68,53
dc4f97c9d,71
3b66bda54,91
2b7da32fa,5
64803f8fa,67
8faa5deef,39
7fc947bde,45
610314687,73
7eed3c569,9
95e7165a3,14
3fd719b67,12
708c1099c,51
d4350350c,71
a475599ad,14
622301a2e,103
5febcda99,5
bdb951b2e,95
98dcdf215,10
adce755bc,10
904f86ba0,28
811acf839,49
07b2feecb,76
14057210c,49
be3a7698e,103
8429cc1ab,86
2ee5a9066,13
9b49af313,72
ceb261e4c,103
7472f2db4,87
2d9284433,49
58c90fc33,53
8c7950b1e,75
af511f5d0,80
3dc8e9edf,47
0a2e4e1f8,68
bf7b19901,7
8073355bd,103
08770c1d1,53
b5f49135b,4
e0151da58,4
508c39bfa,49
a497a8c2c,73
b8c5eeb8b,4
320890eb5,0
f5aa796ed,53
d86ebd20a,4
08710eaac,49
95c77ab53,73
77aa8505f,50
773cb6978,10
30da0fe81,11
a7df3f054,53
57a04f0ef,49
676bac625,69
33332272e,103
3fddc8eeb,37
710ee21be,72
58a2ab14d,43
c49f75868,102
2da86b144,79
4eac8e323,72
b0f5e118c,47
be7a473f4,45
e91e87dd4,48
6569b16eb,76
4a9a2ca92,103
805a4dfb6,72
0afbefa46,72
5f66aedb4,5
68596af51,47
bbd3eba7d,103
a43f7fc0e,49
37771fa98,66
97d3f3707,50
a86983a99,96
57b85fec4,22
50c36b121,50
224d2ad17,75
49601a7ba,87
6ed6b136a,75
4efdca978,75
99536c670,56
8deb17128,103
41e36fab5,73
972c95932,100
cfe6b80bf,0
24c202e61,45
8c17a992a,48
2a69bcce9,4
33b9d73b8,4
ada4b9362,4
7ae85e90f,88
92be2245d,6
69d14fa3b,13
de06ff6f7,82
de757dbb0,103
fec748ff7,49
ea0b66dd1,60
f1516a306,67
8935eaabe,103
ae8e3af92,29
2b3d7a7da,25
2d64f0901,14
f5ae2d10f,25
47f7fcd87,50
f0e91b85a,103
718f47a1b,75
afa55360f,10
1a0fb01d4,43
a00b723d8,84
28b08d407,49
991108b09,0
eb83e32a8,73
4a98c96c1,54
721e72651,50
4863d1e67,85
96a197cb1,72
9a3fa2c38,30
3b7f6b220,103
0b5c8e646,103
7b6429c7f,59
ef799e46d,41
43428f900,80
f116f4ff9,76
d2927e981,4
7e53bd3db,45
09c2d54ec,56
84fc267ba,54
563ee45dc,83
623270c63,70
7244c8b3b,43
1c35c04a8,53
d5cd9674d,70
bd8830a6d,73
9d0d80d6d,4
139bec7ca,29
c3d234832,30
671c7b595,10
a5c902dab,5
6f09acc36,27
de4b24dec,87
856565e67,71
1aefb1a74,4
01520f1c3,90
fbfb8db0b,4
756c7c9c6,49
2c2579451,12
855c5dccd,4
93af01df3,73
7cd4cc27f,8
56f31776d,67
db0c2006b,28
e1b3d72dd,96
563a8d7df,69
fea3b6b40,13
4f4f5f14e,82
2043fd8b7,48
64a8fad00,75
89fb3d0d3,87
a1b220f98,65
e8bf3b5ec,10
40073bdcc,67
cafd03a2f,102
7c8007f01,40
d5e054427,71
837a91c2e,49
df17daf47,83
7d7a8baeb,25
7eaa17466,51
257de6c9a,10
bcc60f666,7
6e3ac91be,49
464ee7908,67
ecf64f4f9,13
dac6805a7,93
43f34500d,4
8e8259669,103
503c5b1ab,75
11ce56786,29
7409a08d2,102
67cb3cf97,100
bead374cb,57
c74e100ff,69
e88d42b8b,71
1e28c6a4e,41
f05894941,5
c393d0e16,90
8d3aa53aa,8
f0e6a679a,4
302e11bd2,23
a85e27a09,51
d66dec02b,4
8a4c6a3e0,11
109a722a1,49
64a1bdd75,49
5689bcc21,67
dfb5140d1,13
2f4a6e151,47
341b65192,73
b9204c339,68
d18e36dce,75
2b4be937e,28
8d8c840c4,73
b1845770d,41
87acecd2a,67
8d195e4db,73
166cc9d99,0
d01453352,4
a1dfe6e17,103
b86044a66,34
aa5c575fd,67
3a19e432f,53
132144011,7
a564e4f51,29
e3b70ca71,35
b273a1ca7,73
50df03fb2,103
736b7b278,14
0fcde961f,73
407b393a9,53
3962a6493,48
c232077ef,103
95ca52d65,53
c590e76b2,8
39e2183ff,67
36c65119a,62
469301bcc,1
f03697dc0,73
f53f2f68b,103
8a6ff36a7,25
7668e5204,103
4a530e1c1,80
59f5594d7,13
2542212f7,73
67cc6b5ab,4
176afa321,47
acd745458,102
272457fe0,66
6b8f11ae1,87
53033eeff,53
4232febfa,102
79c33f52d,39
96c6c97f9,102
7dd683db0,29
67d5e3bf5,17
52189b48a,49
6fed43511,67
0422f8181,12
d913c762d,87
06d517e80,82
26417279a,103
915159fd1,39
8d73023b6,48
117831b8b,47
8198687fe,16
790eb61fb,67
278e6c9fc,28
ae331a500,46
7d47fa7ba,67
62c459f66,93
cd4bca93f,50
ebf692344,4
41716e097,49
6c51e020f,47
62eba5d4f,102
f247352ee,39
904bafc6c,50
d0e1963b1,57
9c5095d94,51
269695569,20
41dddedd7,52
6309c0fee,53
51eb14267,103
0693e839e,103
5554ae705,49
ceaa96cd6,103
eef5aa7f3,68
bb4688502,62
ba782cc48,48
3d4a5ad3e,79
d7d655c8d,14
a4e32e242,95
597bcc032,37
183896a90,13
74f0d70ef,51
d0cd8ecb5,0
22915105d,63
1adf45393,103
92d062d8d,71
6a664ced1,102
6fcfa47b3,4
b35d89433,50
e665e264d,4
9cf28dce1,103
706aa9df2,102
c2ad42df9,74
5d375ac61,4
6a414bfdc,65
a1bd64c5b,30
2873bf12a,4
dc826db21,11
7089f8683,4
f0f900bec,102
d82441a6e,90
976e6375e,78
fa0d9a392,83
e0df04630,17
5ccfc8dea,4
a71e2481c,78
dbc26a259,0
16b341509,94
b3acfed2e,103
e24d7d290,73
a405112f8,88
91610e157,13
b63c59f86,49
2ceabb5ef,49
8c39d1b41,33
5155022aa,73
786ac2686,98
82aa265b0,45
f9d24e47a,10
8bfb79995,5
4a5172bd5,26
d9d6e7525,73
1a5b47e16,4
1cccba04f,88
83b0ea85f,13
2b91acd3b,87
5b229190a,51
cbf0f9495,73
4f8a37fb9,61
750bae291,87
7a8d95cdd,4
ad82ed1ea,94
3bd1136ef,54
44ad68c26,67
f0f7be744,21
4191c5547,49
55f00c851,90
7d33fa1f7,67
7a660b9f6,53
378c2a70e,72
c55a2af2f,4
934408cfe,4
28aef7cc5,47
2a914ceb8,0
19c5ba9b6,103
29add8561,103
35eb134af,49
c25b13b1d,103
27455ebf9,2
bed5ebc31,84
787c185b9,3
ff1935c29,11
d5766b84a,4
0ea98df12,49
f05946c39,91
a855179f9,93
89ef3a121,49
504e1695d,47
c68758b00,53
aa1db9aef,89
39dbd326c,45
00e3084c1,52
1a993f386,79
8df2a19b0,62
9b608697d,41
ad7707082,48
250f0fa92,48
c52b1e973,46
e611ad6ae,0
ee58ae806,67
8e298b272,73
79423d8e8,88
68510e311,102
d85ac7942,14
b57325fc7,53
0021f0d33,53
87a192226,14
d91b12e12,94
56cfcf9da,82
0be81ab06,72
a391d5adc,48
4afa6c98e,100
822b2880f,73
d7a64d386,67
86dbae006,52
9be9e90cd,48
da5d0dbcc,55
532c117fc,87
4c4fda276,103
3756769b5,85
9e3ca10fb,15
fcb1d086a,30
e2a511303,57
81d39b116,100
dc2ff7073,94
26844c8f3,77
57c0bd843,102
704dfd7e8,86
3c1645928,13
d8bfdb6fe,67
727d99d68,47
1bb8d0c39,39
25d63647b,47
a3d0a07a8,73
c1c9a86db,10
c071b59c2,67
d710d0940,3
846099053,93
afbd78d62,73
9b2c62063,9
ce60e5f2a,57
63c3945db,73
7965e86c9,102
fcc54c894,73
93c15dc29,71
c2e2626e4,81
c92cdfeb4,14
d5198c9f6,61
2858fae7c,72
10e3859fc,18
e4f8cae75,82
7153f9700,96
b77626f46,73
3912b7506,41
bc53d427f,4
677dcf9b6,67
6c95b6248,78
a94695f27,51
f0abbb0a3,83
151cd8478,82
cddf33a9c,103
09c208a92,67
1f1d99593,60
85d27a16a,53
fca2f698a,18
939f715cf,53
e6798651a,50
3da7aadde,52
ac184d84a,87
e7870e8a8,13
2118eb37b,91
fc2f9869f,48
71c1f0507,4
52eae9528,95
054de124f,48
030364f27,41
7b6338bee,4
d7b1f9c1f,67
e9c29b67d,48
9f9578396,78
e416c112a,87
ebc1583ce,47
7f71b69e8,75
0072f64ea,49
202b90ad1,49
f69a85264,62
cd35b6b36,68
c38903943,73
32d9fa7d1,71
45c144250,18
a98070f17,49
f9731b808,24
154896ab2,81
a7b14afce,49
fb83a0899,87
abd803ecf,49
2bed40346,81
65f299d4d,103
c180f1160,80
fe9040ec8,67
36568fe64,81
4bef06f11,53
cee0a6466,49
e6c5fe236,48
932aeb630,102
2d40a8e47,81
75607a399,103
d2e37916f,4
2429cadb3,49
e7ec33080,62
cb02dfd8e,49
b078f662b,67
664bad216,4
d47eedb46,84
bb298dcc5,94
fc220624a,18
f1ccc8566,74
eeb2d5691,96
be5a25da8,48
5817b58d8,62
b91ced576,73
0543d5d92,103
caa1dd6ea,50
083109f62,78
64923375e,87
b12c4cea9,103
414fa5cce,46
6ec67346d,82
6cd33c3ac,4
4d5836f7d,0
b67bdf3d5,13
1f342e690,75
0664c88a1,0
4751e93ad,4
07f963c50,50
9d3f09890,13
b7f261913,82
6f229cb58,4
c301cdf4a,80
5e84a449b,4
d390d32c0,4
6a2552916,14
7327abf40,93
8a5e8c715,27
9a411636d,72
721301e6b,8
eb478b7cb,73
7dc21298b,103
e914d195f,4
023520fc4,69
24dddb20c,48
1c8122f7e,87
250af268e,103
30b4b7aea,75
18e4061dc,86
83f820e61,21
103a4a0e6,67
d5f6e40f7,69
1fb45cb2b,93
54620ca30,53
c563c699e,73
d9eedd469,48
b78e121dc,14
4fd1724de,73
f638bd582,67
e3069605c,94
d64daa728,103
e8475ad43,103
c70d94083,72
c7cdff2f2,50
98a3b2209,53
a4513ca36,102
2d46aba06,73
b043db93b,51
9294f2050,7
1d9693978,57
873590360,75
9fc4a402d,70
2bddd2904,73
06a1a191b,49
dd6301145,55
fb3530a46,76
706bd2088,51
6e74639ff,4
97dfe0bfb,67
afdba6c0f,46
876b105eb,90
3ffde4543,49
e95ce8077,91
d470e311a,7
46d8e8e19,77
900f1f50a,87
07718a208,73
5172a3da6,96
f4dd28145,94
fa43f67ed,103
65ce506a1,71
1aeda3f6e,75
76b0d0576,72
06acca7ac,73
06f00d362,50
7a538b99e,24
b7063973c,28
9cd366371,52
155f68180,64
ad81d29a9,7
94b493650,62
6adc43d81,87
88d3afe93,53
9856ba8b9,67
a1ca4c928,4
7e23f7ad1,37
6bf4a58b1,67
a2d6fcb7b,62
887cceb1f,41
c50ca0af5,10
6959092b7,53
c1573a6be,15
acbe731d1,0
29fd845c1,28
3f6b5757a,48
79f507d4d,13
4884ed7c2,52
1a902c080,53
abd018788,36
3a6847333,52
69bdf9905,24
fbc9ef0f9,62
166c6bbf7,72
97de1dee0,49
157924ece,41
9e4eb029e,83
764a98598,53
0c76a33ad,50
7ff8d6f85,48
0395f93d8,94
055ca7ae5,67
d5b001638,102
2406e977f,49
c32f14d9e,67
07e4f36cd,94
0c295f0fe,18
80d50c469,103
d1511e64f,12
b82ecce8e,13
4289422a5,49
86f5cdedd,56
8dc5fdc92,67
b868bcb9b,103
a388602fe,103
9750fe0c2,4
950c30887,51
ed1e5c7aa,44
58379dae0,27
e09c2b70d,35
eb1ac3552,4
e046fb456,4
e0bf00d7a,67
cfdf97182,102
7cdae8d89,4
79901d55e,59
f4feeb150,72
c61564271,5
e4d72ce27,24
3552b2954,51
1fadcbda5,103
09bc0c309,41
3474e728f,102
d30a6e9e5,43
01163c5e2,0
994b891a6,53
cef09a713,0
8005ccb52,77
dc680460e,45
b7882444e,53
bbbc5f9a8,85
9b9381ad6,42
6b4fd7e01,102
c9f640a80,4
6094552e3,14
a85a06d9b,75
dd14b70c4,102
35e573945,98
21c3d4a53,79
41163300a,91
ad3eb529c,48
719e9e88d,75
bd049d019,102
1d6fbd789,47
a7d70c4de,8
570029ba3,74
983130c4a,73
d6503fc7a,53
4779122c2,48
3f1a86245,90
15cb0c24a,4
1a40b279c,4
f0bdd22d9,30
94ef8e44e,9
a6ef2c9ab,49
039b15a83,13
0eb530d0d,73
4f4574478,0
4f14ea184,73
5ea36cf54,36
4fe029378,5
37b58af62,12
206696cbf,13
745cf5ce0,48
3333af434,80
875d12d36,102
1c3a7bc99,24
81bb11926,11
aa2b95145,92
ef123cabd,0
495e8216f,29
79e573478,88
c9db9600e,52
a44826a0e,53
52e436680,90
8012c6779,68
df5392f38,68
ebc7ae3b0,45
60c188245,67
edf6883b2,44
fe40a3dae,45
18abb30af,4
b20b97998,48
57abd6d16,56
d56664e9d,74
eef606ee4,80
ddc839a0f,82
3ba0b4f6f,82
25b7cecbe,68
77767dd21,103
c87d22df3,90
997262689,48
5193214a6,35
28c5b096e,97
1f0642fd4,85
cfebc1eb9,47
eaaeacd1c,73
085b33a8f,22
c652a7499,53
54b876ff5,49
94a240084,33
5376bd006,30
c50fdc486,56
5574a3c79,71
14b239870,49
cbff5d0c1,48
a3b63b1f7,22
cd29fcb6b,82
f3c3215ff,52
7c9adc043,56
5bf457360,103
9b9dcd9c2,95
9ba7dcc7a,91
e75ba2d32,13
529f2ee42,77
2c302c916,35
e4c0f1e32,103
1d3399cbf,98
c0825b4f8,74
797d44519,14
651d0b2f9,7
24bc6b404,82
ffcda7d10,41
ad74613c8,74
05d03cdb2,4
7e1f50feb,73
7e5967223,4
6144fcc9c,96
b1de2b162,103
22cbf6e58,13
da98b5bac,47
8228ed988,14
93f0dd7cc,75
72f51631f,73
9f905ae2b,51
d062630fd,11
a1b523d1e,86
85e11330f,96
0b619448f,103
7d32579d5,103
3ee4afec0,95
f718d5fff,102
c3bab1104,0
bc4b01a52,97
3ff1824db,49
769f6fb8d,48
cf3047df1,4
f3b8a1077,73
669487461,25
b62a1a945,14
be30d241b,67
51b1f6a59,95
6fbef3988,97
3eba562ed,86
9a3a414d4,7
0ea779a14,74
0c6b189f3,67
83bd193a6,71
57f44a56f,16
1ed9fc0aa,52
653dc3b58,67
168f633fc,67
4afd6043f,68
1ce1a7e34,102
5b1f12738,10
e163f8333,68
57f693d04,48
9a6716090,67
e45e707db,14
3e043e76d,40
34a95a94a,102
f2cfe18dd,71
3a3274d90,68
b2cdea1bc,4
41c27b630,43
8f4e1b979,85
061e3b226,48
6180782c6,53
0e6c034cd,103
c354e0d67,42
d4362cb73,103
ef591cabd,23
946ef4894,4
82b0ce34b,67
7a7c505a8,18
c874dbc71,73
bd3518b92,50
6ea2b0e7d,67
e1adf9362,100
885d5d2ef,93
c0b653e38,48
9dec6e6da,84
ce6f860f1,33
18a0fa20c,50
9a970ddaf,93
d8f64062f,53
1507fc4a8,49
76311e00b,25
eb0f37d39,83
3d99a3247,102
5906e9893,49
6e3303932,55
2e31631e4,27
3f4d7610c,102
d36d163c8,102
f2f66f2c0,73
4ea7f54f5,91
23cce6771,82
e181cdda9,53
2b1fb675f,46
7a26fec2c,8
bd6b0dfac,21
a2e477d6f,102
690f1dea5,49
537f3aa34,86
75e80fdfe,67
735783bb8,82
cad6a0d66,53
875d61521,45
869035e2d,68
5e7372874,97
0d7eab0ce,40
93b56e886,103
6129c13a7,53
69ed9d7a3,68
a7e869862,72
6a69d191c,86
815b552f8,28
ce2745e96,94
3f3cfc6e5,103
4d7e7b6cd,76
db0212bef,14
4df5a7b4a,87
62b5e80ae,67
ac263553a,67
5bc1503a0,71
2451960a2,25
562b2d688,59
73356bf2d,29
7cb805a4b,49
db4859b98,82
43c7672d1,103
acc347bb6,4
2c54bc2fb,80
21608cb5b,14
033f56581,21
c3af619d3,0
d5d2c10fb,55
e079e7ca5,9
7e85cac95,5
bf8a78505,39
c4c67ba42,96
38bc8b746,75
1b7916b63,102
8893d08a2,46
a7464ddab,0
f2d9b993d,90
48bf5c6c5,67
4dfa64964,70
ea6121903,68
b601d9f8e,28
e23369e1c,49
e788cdf9b,56
d06bf1078,102
024ecc6fb,77
3d0556ab9,8
82e9c6954,50
656ea8ca7,53
6c0edcf33,76
078233359,50
2557c29c7,68
3ef916a55,103
ad06e1507,73
19b55b489,45
1b4b7b0aa,103
0999994cd,24
1081dc395,64
0502ffb63,51
82a37e873,73
6a099e4a7,45
39bb94d66,51
d8346f57e,71
ae6b4c59b,103
08302b7a3,21
0a38b5a6f,13
b9e513369,87
6db4781a7,10
9ff26d18b,69
5edeca301,74
eecfcfd26,103
29bfe409f,51
0af1026b6,103
ca865c4b0,40
f9a14ea8d,71
21a5f41f7,4
f5da36491,68
4217c1328,89
ffccd38bb,71
093f50986,7
003b89961,49
8427d213c,27
e45a03866,68
916834e2b,67
e7f0f1e63,57
caf89a8f1,58
842be06bb,47
e3bdad3bb,30
5d35e5409,82
55683854c,57
4a42f34cc,79
8592e5ece,73
d12bd1d03,21
eeb419776,102
85c84a176,60
32bcd07f0,0
55603d86c,43
a53fc71a1,47
aeb1a52fc,51
7c10f4b8b,76
0ec158f7a,101
ccdbfbc8c,67
408db7399,53
8d5b79bb4,29
10b54687f,45
17c2e1b73,48
a7855a3e3,103
e830a4d93,30
e80bee440,90
babc5e002,67
c48f8f050,4
8b2b9d6c0,103
52232fe3f,49
760ce7b43,95
db2bf0488,67
6b9570949,97
60b3c1ec6,96
f4ac8bd6c,103
e4e3d8a4f,80
a6ade9e09,28
c27d9c294,91
2b07811fb,83
12c03d834,4
031a7c19c,0
043666ac5,49
1b0656451,12
480dbd0cb,69
237c95bc6,13
5607b2020,39
658b73453,49
ea32570af,13
6429d59a3,16
3081eb3d7,94
3edd04c83,58
bb5147a35,22
c8e30f4c4,45
78c19e86d,49
2da61d102,64
463545278,73
2586669bc,48
48689d750,58
50f33fc4a,89
2eaf291d2,14
386369977,95
964412965,67
1fc614660,49
2e7d74e55,24
88ab1aed7,94
b067fabd8,48
089c2739f,20
d35b47e60,0
d4bf7a89e,86
89e147dd6,25
79cb3514c,30
f48aad6a7,75
f99c51769,53
941dde56a,86
28f0909fc,86
0c56833c4,103
68e87d794,72
04ec1f692,67
2b9d54083,36
ed429fccf,49
816ea6eb9,53
f34e6c4db,40
6dc57d8b3,90
eaf19ec05,40
f9f196acc,34
064a230b7,77
c87bbe155,13
ee64fb7d1,10
691ff0015,87
8482cd4e5,73
e85121a2c,49
6a9f813a1,47
a5d650b37,75
577136af2,46
8801493cb,95
a5b6a29c8,59
1363038b9,90
f1e71c574,103
a76407bf8,30
fe824e9b2,49
aef983095,4
2b4605245,29
228540138,30
9a8d29f7b,103
1218dabe7,52
393d8efdd,67
41f7c2604,61
e7791dc5d,22
4b0320af7,49
684a48f58,68
4c79f68f0,93
0b9edd8f9,70
aaafbe4e9,16
2af766509,21
39327a0dd,103
eb0a1b58b,57
5beab41c5,103
943e13c28,47
b32d80296,79
63ac3780f,49
95ab27ba4,67
66574442d,18
548fe4d32,80
a1ae9344f,13
6be539abf,71
26444f504,4
efdc65d2f,86
d0b48815a,73
f157a3c6b,49
40eda589a,73
061988edc,50
935518c47,47
70cbc35a5,86
2ec187152,16
dc4a5c985,53
1beb4e8ef,50
90bd4a9cf,67
048596edf,49
2dba0571f,83
5c71c2638,48
b8c3f66cf,25
4fc55f7bb,5
c9c4ad186,95
eb4bacc7c,101
2ae165ee8,76
03c4126b4,4
3ad81fa96,49
ea95803b6,4
5112d23be,53
f21f7aba6,10
0963e2956,8
a17d53e19,47
789e8506b,76
8a223576f,67
5f024c911,21
4bfdec3b4,67
019a2efb9,79
c01254e45,87
709d4aaac,89
d8f81ecea,4
03c54f05f,67
87f6a1325,73
6461cf7f3,28
420e4c39d,73
69c31f86a,42
1f38d6778,94
4d8257f18,91
4546ad0cd,38
a016dd653,49
9264502a9,57
d483748e6,71
2ce1e0b6a,30
1f5a8d8c0,68
7723a9059,73
938b2ff4f,53
c1e7e7867,76
f033adb55,72
b0d928a20,103
92b24e585,87
ead4c9659,67
b9a264608,90
43382559c,0
495523f05,28
b27c04f88,31
e7638c0a5,0
35b87f500,81
ecfc076ab,20
81f2fa04d,50
3beb40bce,7
0b027c740,29
42fbaf02d,100
b1391f097,68
08c3da1cd,77
9da5c57ef,56
6b5cf2a71,53
ee3c66211,53
95eaa8650,47
cd3c07f1e,53
14fe67e77,75
509570780,4
46d056d14,24
a91c62b42,30
a5f5634a7,75
2c79f3a6b,95
c05075421,102
ad0d1c07b,13
e8add9fd5,28
88226300c,98
5c76c7057,68
f880b1d01,45
63d72a8b5,74
151d03177,8
3714d19b7,64
08a78ffc3,12
3e3942656,87
8a0b0f47a,9
36112c4bd,67
4d42fbb18,4
70e6b4f07,46
5ee6cb24d,30
804f7c7a6,48
8ad5daf80,75
74ecc535b,102
ca9c4b1e1,4
0535ccb68,53
e9928cf8f,67
170517f38,0
5d4811c9b,67
8e9cb9e5f,39
377abf496,76
26f14822a,29
53d1111f9,103
2575123f6,74
f69355cc5,97
bb91e163e,102
fb2895935,67
c6fdffb79,4
a4c653f29,46
76f661311,53
9e011c986,8
f5207be25,67
e9e0698f5,4
cf8ee02e6,42
07b1b8c87,31
8bf87e69c,76
ff6213278,11
70d37d23f,80
0667667be,4
3d087513e,0
f0dc59c83,8
7b1177392,77
6c1e0dfda,13
1ec665f37,50
bcbc0ec93,8
64a087667,80
a0dfbd411,76
34aceeacc,40
b30719c82,81
b6559ddf2,50
b96651b6a,29
74f1c073c,50
377240bbd,73
fd6b80e18,5
39c5bb98a,82
b8a90ad87,62
bcd68e6b2,31
04a7f34aa,67
23ea06b99,30
90b57e4a0,96
b2d223ece,48
5e35708ec,73
11ed4fed5,29
d34eabf31,67
dc4338093,24
b167313d0,31
fe30ebb03,47
805888e57,78
ed849ee3c,101
383ce35cc,28
7af3ecde3,64
10101e982,67
f58f83775,39
b83336a9f,4
38d113afa,59
dc40a9854,21
b72fe5b8d,29
e690ff8ae,67
83abaef21,103
bb9565c29,11
3599e2fbf,85
72848173f,53
486d538e1,68
21ca80954,103
36d0c85f4,47
7790e656a,94
cce4b16f5,36
96d8b0c1d,67
214121cb3,87
110dac9f2,24
3d000dd19,68
f1babf32a,4
ec7f6d106,102
757866231,49
3eaf5a947,8
947bca713,28
2083b8669,103
916e18133,46
f5e86abe9,47
902b5770f,103
30802b47e,83
b0b810f90,47
3bb893d48,49
65a3a7b6d,30
5227d80bf,0
e2b90e868,23
ac67924f9,102
333118494,33
a3d0ecd9e,94
e8a1d04f0,103
69af53dca,46
fe1669ffd,75
2b5c4fa01,81
121fc6463,4
14ffc1505,40
090a1154e,42
4a03138df,49
ed0204f22,47
fc6b8b594,70
35b89eb8c,21
bf9efeb37,67
284fc118f,49
90e8d8225,102
d30f4ccaa,49
4c613566a,93
ad60c3571,50
5f274a6ad,103
5f84c75f9,7
ad27e607b,102
0cbc27679,102
07b9edd52,93
3653292ac,49
5a86ac765,13
a8e6d30e2,4
c0a9efdcc,99
ea755b7f6,39
8c59b2b7f,49
65c796a0b,48
fda42498c,4
2a017a2ec,73
e9a53e9fa,72
c7cd71880,77
9e421d059,103
7db44032e,71
eac0fd0b9,67
ee6340fc0,49
9c3ca26e9,83
4ff54212e,10
9dfb86d81,48
ebe718ae0,52
0ef6a4923,14
5dac2f949,45
d8909ecab,17
467025843,53
d1dacf9dd,91
99f5a507a,67
aae8b6cb7,73
0281e01e3,9
4cf1de29a,74
b2004fc1c,103
f6f821392,91
72033968b,50
863e8afa4,103
edca7ed7e,5
eed177624,67
abb27a80c,28
50b7b51b8,88
56cafc1c8,14
bb1e822e8,47
977ebbfb9,103
195bacee1,67
a9a1e0332,49
f281ef28e,103
f5a3fd7b5,53
8e75c9098,90
01597bbec,48
1777595a2,49
f424ad351,103
f7ec97ce1,93
6b8d9d74d,49
0571dcc03,0
e4bd15b11,73
3af79d01e,74
738af3f29,67
41cbb748c,25
00f05ea9e,4
ce0668511,53
2194ed33a,44
b80e5bddf,67
11e3afa83,103
3b518d13b,95
ce72a44fe,102
8fc8f357e,10
8d94bd8b9,102
caff65f31,48
2c061c902,103
0b2640e87,102
467d1a4a4,81
e6135dd8f,27
09cec0e8a,45
04721ef43,53
c5f7f7fe3,68
36da5e9ca,53
6ee6d6c48,53
91275fda4,42
ff2ebb52f,61
816ada493,53
226ff375e,61
5528db727,47
490efc553,77
f7890fb5d,71
979be015f,70
2a60639ba,14
7d0e16879,4
7059b2c59,89
18d6844a0,49
4d20e5f0e,29
b7c02d7c8,102
7b6d30721,22
465f2ddcf,103
98038f676,76
4b2c0659e,0
df01d58ca,87
7b1e459ef,76
f6e9739ff,78
e9d6bf3cb,50
646e258ec,70
2ca0a45cd,26
e72ba29c5,87
16c791a6f,102
2a499fa40,14
a11aaec4d,12
9c64cb14d,90
2a40c5664,91
da6f46b28,52
cfbc79ec1,67
54419838d,53
53f2f97d2,51
436f2b8f1,88
fb9a6a9b5,67
f59c3ad7f,103
c0edbe84c,95
698676b2c,94
1bbceba89,67
02b01a158,103
6c2ce6d90,48
d0411902b,67
f0f2f3e0b,4
b8c82be3f,48
e555f7ecd,103
8f206287b,48
c64eb3a36,47
3b6e604d2,67
af3c7a24b,44
f8aff0cd2,55
f811b7fa3,53
da1b9b717,103
d4a2a2f29,76
d1e91d28a,93
433c9564f,94
2e7fad027,10
8f7dafef1,103
5f729cf60,53
a3a17500a,14
9a6e4aacd,97
0186b465f,48
ca1b7fcd6,69
1226ffc63,94
79f689862,75
0134f018d,35
9d98f7c9e,21
07f85cd68,71
8996126cf,86
4c0f2c1ad,45
c4c9b5dc4,53
8fe3eca19,103
374452b3b,8
9123fc9c8,0
3be259713,53
597ea383e,48
c6774c8ab,7
674e50421,50
76dd2577e,93
5dd6b63d9,15
5d171dcf7,102
aeb6e32ab,83
f9eb9c412,56
3a391563c,5
a1c8de469,73
56a71117b,78
c92684487,65
c62460407,90
6953f8992,43
85d30d942,51
57d9b8302,4
ea36e1b93,75
5c66ca3ec,80
35659b2ff,67
a3119fa46,73
a5b604f04,82
7cc00d3bf,67
f21bd29f5,4
0c7c4d0a7,4
434079379,14
d1ae6b983,68
6759ac31a,0
056767c8c,14
96df0c6bc,73
792e61b1e,49
6dc1a03ed,43
757e27b6b,47
131ea4f52,46
c63df66ce,28
e109f9b0a,68
afd56596f,67
1706c5144,14
2bb868394,99
fb6d4648a,21
888fb3305,68
84a3027c3,87
19f18eb63,55
7b506b5bd,31
50c9fd635,49
4591d2725,0
767a87c4e,52
45610320d,7
a7af85579,62
7a9de4b35,67
149c9e414,103
fb78539c2,81
57787a61a,93
d9e7e7723,45
4a30cdae9,0
02055dd80,67
44903b337,73
142929b13,73
7f7b2c732,82
f2a35c7cd,103
fc8428025,49
4dfea8574,0
a6e42d0ec,56
914b0e71b,29
b8c434ee9,103
9d38f1232,10
4198fad68,55
7cb1fb42c,18
cc6a65411,56
baa0d1cb2,50
202eabfc4,13
1e0d2fb87,59
42d890962,35
7de565519,79
91398b8af,5
07b1b52f5,67
6abab3d7d,45
394eed0ec,103
b0e07a930,19
b30ac7015,67
e3b0ff721,94
88621ac35,83
f87390b13,67
4dccae9a1,53
77e34e261,4
a1a26657a,50
075d6bb86,17
23a5ec48b,98
01a3fdd52,87
c6bb832b3,0
fdf61c313,56
d0a654445,87
2cfc6468e,73
3a1d5b5db,67
1d49676bf,48
e83500196,4
d08d707db,48
64213e873,0
ff5d4568e,62
42e378280,93
c0dd27777,41
d89e84047,67
847402c34,50
ff67d505e,81
14d0bc36e,87
f76006728,10
e11a7a42f,67
ac1af6f95,53
98cb45c72,95
c5c1962bb,49
e98492667,76
74d672d39,43
a048044c1,102
aa32d1bac,32
911c029b5,24
350182af5,97
3f7a7e0d8,96
9256e64b8,53
24d5596ef,103
2daf558c1,12
fd5cd4e2c,73
fb67e5172,53
ab905cacc,14
9a879fb6d,4
4a3bed1ab,67
ebd098414,5
fd1ebe8cb,102
6a9dcc24b,75
4d88ed603,13
9304e605c,13
36f394d24,63
501229169,50
bbe2e7c64,51
fb8be9bfa,14
2cc73c0c9,67
a2e59aee8,14
4ba2dc197,29
671ad3443,67
f7107a3a4,62
d7c723881,67
2c7a32907,35
018353f1c,49
8af4a8896,91
e9471b958,76
0f0ccd222,95
8e2bff6c6,48
d20e60a1f,71
7fe424fe7,96
f18556a22,103
ee19b7f65,67
a0bdfb2d3,31
fcebd07c5,10
337187c30,67
7ac6f5ed5,4
38a3caf8b,81
7605a3733,82
07a4b0444,53
547e41140,67
797da59fa,75
218e61006,17
63ed2755f,49
18ed42876,71
878cb5b42,79
19e07f757,42
cfe404d71,49
702cf1671,80
0c8abe310,9
341eee5b2,21
b8bfa2b50,13
c93ecfaeb,73
ca050faf8,12
c210cba33,73
f8b87bb44,87
1e59b9929,37
39b18554c,67
f9de43fb7,46
72606e8f3,87
b45121ff1,48
897e8e24d,53
30e800167,103
7beeb67c3,47
b125a5970,54
5ea428031,96
991b607de,80
b52c3c500,103
9a167fc40,103
9ed125a83,49
14a804b2f,75
ee3c0e393,67
4479a460c,75
536c83e57,4
ca1095668,80
1d3f0519b,48
0d6befa42,9
7e2ed4d52,30
79f93fc6d,67
5e69e6a8e,93
4208f72ba,0
3919d8ac5,56
6e4e60f69,83
23ea13205,9
6ba2f9b54,13
36d4c70b5,29
47830a2a1,67
eedc4e2f1,102
69f5b082c,87
875858dad,4
fb532209f,46
2fe816ce2,13
19b046852,103
8f7576edf,13
36444082b,52
1c0c4fa86,8
e6c9612bf,50
9cd6277d4,101
6e979324c,93
8b293a45c,82
9e87cc8f0,10
052f7e154,53
6e16e769d,68
4c8e7b1f5,14
993b3757b,49
aaef221e7,48
a1b4dc452,91
368d86c92,18
693fd2ef4,47
45ad763cc,1
991294873,48
5e216ec7c,69
31dec703e,41
5e003d916,87
5ac5273a9,93
b0d0e7cd7,59
1fe1115ee,102
6f238770e,62
73d04b4a0,67
e5540e0f5,48
a666bcc36,10
66cf381b9,77
486248544,4
d75974136,73
06a271f97,83
f938ff523,29
80ab4469a,102
5c38776b4,103
2ef28fa69,103
baa4deee5,67
920247fd4,96
369e356df,28
4e933f65c,72
a18ae9e89,53
f85c3cd52,48
874df1738,84
f4684cdeb,67
a4d628083,50
6c14532cd,53
77759374e,82
e56916c4c,49
c1e39ffe4,4
a35a4626f,102
0fde7a334,74
624196c26,67
eaa8b622b,73
37b17ad81,103
6b47e8357,42
9cb714943,4
85f511409,103
5f2c16024,12
7ca677dde,67
2482d97e4,51
0ed0741d4,53
0b061eae3,67
c6326ffed,102
f0da19dfd,79
f78eecf21,103
bdb501796,4
441c13b73,73
d1655f52d,47
2bd2ebfa9,4
23d5c512f,53
5b89103cf,73
76bb433ee,88
de9010824,75
4028851f0,100
832b85df9,67
95eb4c83a,80
7d3786848,67
b545ede10,74
4194b2615,16
34d222c51,75
f8933e5d2,47
3c36c119c,48
38b48be78,50
2c05dd6e0,94
0a8a36c25,90
e60d33c82,13
2e21540ac,86
26914358f,41
02d846418,96
89f3b6297,53
f735fb308,24
17625283c,73
a6ad089f9,47
6820bdfb3,67
a68286bc6,48
071eaaad4,90
41ffad9d1,76
da0a25a77,73
56e37b524,92
832e7cf1f,36
fac4230e7,82
85b7e1897,103
40fc0d8ba,75
0cf33d505,49
e68ff576e,75
e810fbb6b,93
c3ddcd12d,69
42acf797c,42
aa118cbeb,102
eb71bcdf2,41
0dc507ad4,48
a9855f136,4
a21a2c1b2,102
8cd1b6545,24
402023b27,90
f986f94f0,36
4c91c2a8a,49
25004084c,67
a4cd1d43c,67
44af20a55,88
29f4ab45c,102
2b47bed50,103
4a1d07383,49
f51e1baf9,6
6af290ef5,79
4c6264df6,73
c87c12901,30
c86cce658,103
80ceb515c,40
224416fdb,91
9fcb174b6,53
e2987599c,12
4698789b6,49
7f19952d4,64
f0f7de90c,90
6273f48ef,14
3daea4675,5
8965a61bc,76
b020fbff9,53
689eb9f68,74
631f04e66,48
22a46a27e,29
5df38050a,75
33ee9899d,67
2a158f54c,68
878bf09bf,103
e2194cc70,67
5e2125e43,74
d9268cb57,37
ca1d1d65c,46
fd44aaefd,102
3875d3601,40
5ec08d254,72
f5a7cbd09,22
cc256396d,50
57d893ed7,55
76e3166a8,102
dbb703916,5
26a12de02,73
fc13d942e,4
29c460e2b,45
392443fe6,12
315d0c65d,53
3ff83ac2a,83
6ef0b83d0,61
48faecd45,77
d5ccfad53,49
c404b8c8e,79
c54530ff1,48
68d5dc3c5,99
c20b4c81f,18
a829407c3,7
ab6404be4,29
5f1a08959,21
61290cc43,0
d2cd8b9fe,74
055988ad2,14
9fb9a9e81,13
f985ee0da,53
c701bae84,75
9f3fabc70,47
5e166be69,82
a5d4584c3,4
c44d85f2f,51
5ca912390,102
6387659fd,45
47f8f7372,9
500c6294c,73
fcd2cb7e0,49
3a81df4d4,64
31ee17f77,49
cd86aac5a,4
313055a9e,86
fb91caf96,7
1a9d0eae3,48
82316b58b,45
3dd4e386e,28
deb71b934,48
7dcc4ff7e,4
52dd86f38,64
e59f4958d,103
9d9605a15,48
8bae211d3,7
db09a299b,53
7d759eb81,62
ab3bcad5b,73
9ca216086,49
979d4369b,65
476283f9c,48
5a2911399,0
ff2804289,47
a21f6d452,49
785f14a23,4
40a956d5b,67
881336587,5
a78af18b7,67
30ecc23d5,48
f95d4b24c,65
2a0a2ea23,103
f99834b3e,90
323884b26,30
6162cab31,20
435e0f59b,54
d09882bb8,46
d4c799460,17
cfc106ac3,67
f26f199fb,17
e256b0ce1,67
91212615a,39
6021f47e4,102
32a1d9f65,40
da176437c,87
dc5498af1,64
6d48de3df,49
cc9d66275,65
139aad8b2,39
9d4d22004,68
e207a9c22,49
06cf3311a,48
b241ccc78,0
c2b3daa2a,25
623b64d19,11
486715238,7
cf787b891,29
97dbf9d67,13
abc1d37b6,82
b845a0f00,10
c2ddc15a6,80
7e3369c19,48
a13d3dfa4,50
c0e7198e2,58
e34bf0fa4,49
c51ad1704,76
d46919710,70
405a7d77a,53
654504abb,67
abac36cc0,8
c5d48fbbf,67
581ead9fe,72
7d1005a2c,26
1b4edfea8,14
b0f5721ca,68
2a608c0db,103
1cd461407,1
251a8d95d,53
67dbffd24,45
0cfca4a37,46
5699993e6,14
c96004e94,35
41230fe49,49
465fca558,87
1289609e3,102
a024aee0f,47
8c5e0c760,51
7f5479556,51
1e8c44cbe,28
754eab3b5,73
d82a21bbd,93
1ef426390,4
2072cd9f3,77
51d113f3a,74
47f47a868,80
02073dfee,29
64f9d993b,58
e6ec47b1d,49
2c7ce5049,49
9e7925f1b,49
c199140c3,28
d7a9e0691,53
e955870c5,45
1dae04aa5,10
5fab0c048,40
f9c931893,53
ac8d33b0e,103
d7388a066,68
618ded9bc,99
27c1d078f,18
831348989,36
3816dac91,73
cd16a306c,82
63e2e3e4f,103
becdc1364,95
589fe7959,102
1da642ca9,103
3b7c11d3e,103
62a682a26,17
9e99e1332,100
18c7b92b8,41
a859410aa,10
53b2da1bf,103
cb3ba4df2,50
b9b88996b,94
f0fd3d741,94
a24932259,4
f89a5307c,43
ed087f460,94
48526fccb,62
d6c7e918e,72
40ff0c11f,67
9cb5c3012,67
25e5d12e0,67
7f4520e95,80
523df966b,102
3522d5b4e,47
c785abe6f,7
99617ebe0,23
e86e2a592,62
ce3c158fa,74
f65475a24,48
9b9c0e574,68
298ade3a4,49
8361401fa,45
e46998f4d,74
